mV','seconds'
6.9667,0.00025
6.965,0.0005
6.965,0.00075
6.97,0.001
6.97,0.00125
6.9667,0.0015
6.9683,0.00175
6.9667,0.002
6.9667,0.00225
6.9633,0.0025
6.965,0.00275
6.9583,0.003
6.9583,0.00325
6.9617,0.0035
6.9583,0.00375
6.9533,0.004
6.9533,0.00425
6.9483,0.0045
6.9467,0.00475
6.9417,0.005
6.9417,0.00525
6.9367,0.0055
6.9367,0.00575
6.94,0.006
6.9367,0.00625
6.94,0.0065
6.94,0.00675
6.9417,0.007
6.9417,0.00725
6.9433,0.0075
6.9417,0.00775
6.9433,0.008
6.94,0.00825
6.945,0.0085
6.945,0.00875
6.95,0.009
6.9483,0.00925
6.9583,0.0095
6.9583,0.00975
6.9633,0.01
6.9633,0.01025
6.9683,0.0105
6.9683,0.01075
6.975,0.011
6.9733,0.01125
6.9817,0.0115
6.9833,0.01175
6.9917,0.012
6.9917,0.01225
7.005,0.0125
7.005,0.01275
7.0133,0.013
7.015,0.01325
7.01,0.0135
7.0083,0.01375
6.9817,0.014
6.98,0.01425
6.955,0.0145
6.955,0.01475
6.9433,0.015
6.9433,0.01525
6.945,0.0155
6.9433,0.01575
6.95,0.016
6.95,0.01625
6.955,0.0165
6.9533,0.01675
6.9517,0.017
6.9517,0.01725
6.9467,0.0175
6.9467,0.01775
6.94,0.018
6.94,0.01825
6.9217,0.0185
6.9217,0.01875
6.8917,0.019
6.89,0.01925
6.9117,0.0195
6.915,0.01975
7.01,0.02
7.0133,0.02025
7.0367,0.0205
7.0317,0.02075
7.0033,0.021
7.005,0.02125
7.0017,0.0215
7.0017,0.02175
6.995,0.022
6.9933,0.02225
6.9983,0.0225
6.9983,0.02275
7.0067,0.023
7.0067,0.02325
7.035,0.0235
7.0367,0.02375
7.07,0.024
7.0717,0.02425
7.0017,0.0245
6.9717,0.02475
7.265,0.025
7.3217,0.02525
7.0333,0.0255
7.3017,0.02575
6.8183,0.026
6.8033,0.02625
6.6217,0.0265
6.6183,0.02675
6.7233,0.027
6.73,0.02725
6.9167,0.0275
6.9233,0.02775
7.0267,0.028
7.03,0.02825
7.0617,0.0285
7.06,0.02875
7.02,0.029
7.0183,0.02925
6.9817,0.0295
6.98,0.02975
6.9683,0.03
6.97,0.03025
6.98,0.0305
6.9817,0.03075
6.9967,0.031
6.9967,0.03125
7.0067,0.0315
7.0067,0.03175
7.015,0.032
7.0133,0.03225
7.0217,0.0325
7.0217,0.03275
7.0333,0.033
7.0333,0.03325
7.0517,0.0335
7.0517,0.03375
7.0833,0.034
7.085,0.03425
7.1383,0.0345
7.14,0.03475
7.195,0.035
7.2317,0.03525
7.13,0.0355
7.1133,0.03575
6.9517,0.036
6.9817,0.03625
7.18,0.0365
7.145,0.03675
7.105,0.037
7.1067,0.03725
7.115,0.0375
7.1083,0.03775
7.065,0.038
7.0633,0.03825
7.0017,0.0385
7,0.03875
6.9533,0.039
6.9517,0.03925
6.9217,0.0395
6.92,0.03975
6.9017,0.04
6.9017,0.04025
6.895,0.0405
6.8967,0.04075
6.895,0.041
6.895,0.04125
6.9017,0.0415
6.9,0.04175
6.9083,0.042
6.9067,0.04225
6.9183,0.0425
6.92,0.04275
6.9283,0.043
6.9283,0.04325
6.94,0.0435
6.9417,0.04375
6.95,0.044
6.95,0.04425
6.9583,0.0445
6.9583,0.04475
6.9633,0.045
6.9617,0.04525
6.9667,0.0455
6.9667,0.04575
6.9717,0.046
6.9667,0.04625
6.97,0.0465
6.97,0.04675
6.975,0.047
6.975,0.04725
6.9833,0.0475
6.9833,0.04775
6.9917,0.048
6.9917,0.04825
7.0017,0.0485
7.0017,0.04875
7.0033,0.049
7.005,0.04925
7.0017,0.0495
7.0033,0.04975
7.0017,0.05
7,0.05025
7.005,0.0505
7.0033,0.05075
7.0067,0.051
7.0033,0.05125
7.0067,0.0515
7.005,0.05175
7.0017,0.052
7.0033,0.05225
7,0.0525
7,0.05275
6.9967,0.053
6.995,0.05325
6.9967,0.0535
6.9933,0.05375
6.9967,0.054
6.9967,0.05425
6.9933,0.0545
6.9933,0.05475
6.9917,0.055
6.9933,0.05525
6.9917,0.0555
6.9917,0.05575
6.99,0.056
6.9917,0.05625
6.995,0.0565
6.995,0.05675
7.0017,0.057
7.0017,0.05725
7.0083,0.0575
7.0083,0.05775
7.0133,0.058
7.0133,0.05825
7.02,0.0585
7.02,0.05875
7.0233,0.059
7.0233,0.05925
7.03,0.0595
7.0283,0.05975
7.04,0.06
7.04,0.06025
7.05,0.0605
7.0483,0.06075
7.0567,0.061
7.0567,0.06125
7.0533,0.0615
7.055,0.06175
7.0483,0.062
7.0483,0.06225
7.0367,0.0625
7.0367,0.06275
7.0283,0.063
7.0283,0.06325
7.025,0.0635
7.0283,0.06375
7.03,0.064
7.0283,0.06425
7.015,0.0645
7.0133,0.06475
6.985,0.065
6.985,0.06525
6.9667,0.0655
6.9683,0.06575
6.9667,0.066
6.9667,0.06625
6.97,0.0665
6.9667,0.06675
6.9717,0.067
6.9683,0.06725
6.975,0.0675
6.9733,0.06775
6.9783,0.068
6.9767,0.06825
6.9917,0.0685
6.9917,0.06875
7.005,0.069
7.0067,0.06925
7.0217,0.0695
7.0217,0.06975
7.015,0.07
7.02,0.07025
7.0033,0.0705
7.0017,0.07075
6.9333,0.071
6.9333,0.07125
7.0367,0.0715
7.0383,0.07175
6.9283,0.072
6.9517,0.07225
7.0183,0.0725
7.02,0.07275
7.0417,0.073
7.0417,0.07325
7.05,0.0735
7.0517,0.07375
7.0567,0.074
7.055,0.07425
7.0433,0.0745
7.0417,0.07475
7.0283,0.075
7.0267,0.07525
7.015,0.0755
7.015,0.07575
7.005,0.076
7.0067,0.07625
7.0033,0.0765
7.0033,0.07675
7.0067,0.077
7.0067,0.07725
7.0117,0.0775
7.01,0.07775
7.0017,0.078
7.0017,0.07825
6.99,0.0785
6.99,0.07875
6.97,0.079
6.97,0.07925
6.9567,0.0795
6.9567,0.07975
6.96,0.08
6.96,0.08025
6.9717,0.0805
6.9733,0.08075
6.9867,0.081
6.9867,0.08125
7.0017,0.0815
7.0033,0.08175
7.02,0.082
7.02,0.08225
7.0367,0.0825
7.0367,0.08275
7.04,0.083
7.0367,0.08325
7.0317,0.0835
7.0317,0.08375
7.0233,0.084
7.0233,0.08425
7.0167,0.0845
7.0167,0.08475
7.0133,0.085
7.0133,0.08525
7.01,0.0855
7.0117,0.08575
7.0083,0.086
7.0083,0.08625
7.01,0.0865
7.0083,0.08675
7.0167,0.087
7.015,0.08725
7.02,0.0875
7.02,0.08775
7.025,0.088
7.025,0.08825
7.0267,0.0885
7.0283,0.08875
7.0317,0.089
7.03,0.08925
7.0317,0.0895
7.0283,0.08975
7.0333,0.09
7.0317,0.09025
7.0367,0.0905
7.0367,0.09075
7.0417,0.091
7.0417,0.09125
7.045,0.0915
7.0433,0.09175
7.0383,0.092
7.04,0.09225
7.0317,0.0925
7.0317,0.09275
7.02,0.093
7.02,0.09325
7.0067,0.0935
7.0067,0.09375
6.9967,0.094
6.9967,0.09425
6.99,0.0945
6.9917,0.09475
6.995,0.095
6.9917,0.09525
6.9967,0.0955
6.995,0.09575
6.9983,0.096
6.9933,0.09625
6.995,0.0965
6.9933,0.09675
6.9917,0.097
6.9917,0.09725
6.99,0.0975
6.99,0.09775
6.9917,0.098
6.9917,0.09825
6.995,0.0985
6.995,0.09875
6.9933,0.099
6.9933,0.09925
6.9967,0.0995
6.995,0.09975
6.99,0.1
6.9917,0.10025
6.9883,0.1005
6.9867,0.10075
6.97,0.101
6.97,0.10125
6.9633,0.1015
6.9633,0.10175
6.965,0.102
6.9667,0.10225
6.97,0.1025
6.97,0.10275
6.9783,0.103
6.9783,0.10325
6.9833,0.1035
6.9833,0.10375
6.9867,0.104
6.9883,0.10425
7.0017,0.1045
7.0017,0.10475
7.0083,0.105
7.0067,0.10525
6.9983,0.1055
6.9983,0.10575
6.9417,0.106
6.9383,0.10625
6.8533,0.1065
6.85,0.10675
6.8817,0.107
6.8867,0.10725
6.995,0.1075
7,0.10775
7.08,0.108
7.0817,0.10825
7.09,0.1085
7.08,0.10875
7.0467,0.109
7.0467,0.10925
7.03,0.1095
7.03,0.10975
7.0233,0.11
7.025,0.11025
7.0217,0.1105
7.02,0.11075
7.0283,0.111
7.0283,0.11125
7.0333,0.1115
7.0317,0.11175
7.0367,0.112
7.0367,0.11225
7.055,0.1125
7.07,0.11275
7.0517,0.113
7.0017,0.11325
7.1533,0.1135
7.2633,0.11375
6.975,0.114
7.2183,0.11425
6.805,0.1145
6.7883,0.11475
6.7333,0.115
6.735,0.11525
6.8833,0.1155
6.8867,0.11575
6.935,0.116
6.9367,0.11625
6.9517,0.1165
6.9517,0.11675
6.9617,0.117
6.9617,0.11725
6.955,0.1175
6.955,0.11775
6.96,0.118
6.955,0.11825
6.9533,0.1185
6.955,0.11875
6.9617,0.119
6.9617,0.11925
6.9717,0.1195
6.97,0.11975
6.9767,0.12
6.9767,0.12025
6.98,0.1205
6.98,0.12075
6.9833,0.121
6.9817,0.12125
6.9783,0.1215
6.9783,0.12175
6.9817,0.122
6.9817,0.12225
6.99,0.1225
6.9917,0.12275
6.9967,0.123
6.9983,0.12325
7.0083,0.1235
7.0083,0.12375
7.0217,0.124
7.0217,0.12425
7.0267,0.1245
7.0267,0.12475
7.0133,0.125
7.0133,0.12525
6.9833,0.1255
6.9817,0.12575
6.9517,0.126
6.9517,0.12625
6.935,0.1265
6.9333,0.12675
6.9383,0.127
6.94,0.12725
6.9533,0.1275
6.9533,0.12775
6.96,0.128
6.96,0.12825
6.9617,0.1285
6.96,0.12875
6.955,0.129
6.9567,0.12925
6.9533,0.1295
6.9533,0.12975
6.9567,0.13
6.9583,0.13025
6.9633,0.1305
6.9633,0.13075
6.97,0.131
6.97,0.13125
6.9733,0.1315
6.9733,0.13175
6.98,0.132
6.98,0.13225
6.985,0.1325
6.9833,0.13275
6.9883,0.133
6.9883,0.13325
6.9833,0.1335
6.9833,0.13375
6.9817,0.134
6.9833,0.13425
6.9733,0.1345
6.9733,0.13475
6.9667,0.135
6.9667,0.13525
6.96,0.1355
6.96,0.13575
6.955,0.136
6.9567,0.13625
6.9533,0.1365
6.9533,0.13675
6.95,0.137
6.95,0.13725
6.9533,0.1375
6.9533,0.13775
6.9617,0.138
6.9617,0.13825
6.9717,0.1385
6.9717,0.13875
6.9767,0.139
6.9767,0.13925
6.9733,0.1395
6.9767,0.13975
6.9783,0.14
6.9767,0.14025
6.98,0.1405
6.9783,0.14075
6.9817,0.141
6.9817,0.14125
6.9833,0.1415
6.9817,0.14175
6.9783,0.142
6.9783,0.14225
6.9717,0.1425
6.975,0.14275
6.985,0.143
6.9867,0.14325
6.9933,0.1435
6.995,0.14375
7,0.144
7,0.14425
7.0067,0.1445
7.0067,0.14475
7.0183,0.145
7.0167,0.14525
7.0317,0.1455
7.0333,0.14575
7.0517,0.146
7.0533,0.14625
7.0817,0.1465
7.0833,0.14675
7.1283,0.147
7.1317,0.14725
7.175,0.1475
7.195,0.14775
7.0633,0.148
7.05,0.14825
6.96,0.1485
7.0367,0.14875
7.0833,0.149
7.08,0.14925
7.1233,0.1495
7.125,0.14975
7.1417,0.15
7.135,0.15025
7.0833,0.1505
7.08,0.15075
7.005,0.151
7.0033,0.15125
6.9483,0.1515
6.9483,0.15175
6.92,0.152
6.92,0.15225
6.9,0.1525
6.9,0.15275
6.8933,0.153
6.8933,0.15325
6.89,0.1535
6.8917,0.15375
6.8983,0.154
6.8983,0.15425
6.905,0.1545
6.905,0.15475
6.9167,0.155
6.9167,0.15525
6.9267,0.1555
6.9267,0.15575
6.9417,0.156
6.9433,0.15625
6.9667,0.1565
6.9683,0.15675
6.9833,0.157
6.9833,0.15725
6.975,0.1575
6.975,0.15775
6.9667,0.158
6.9667,0.15825
6.9617,0.1585
6.9617,0.15875
6.9567,0.159
6.9567,0.15925
6.9617,0.1595
6.9617,0.15975
6.9617,0.16
6.965,0.16025
6.9633,0.1605
6.97,0.16075
6.97,0.161
6.9767,0.16125
6.975,0.1615
6.98,0.16175
6.98,0.162
6.985,0.16225
6.985,0.1625
6.9917,0.16275
6.99,0.163
6.995,0.16325
6.9933,0.1635
6.9967,0.16375
6.995,0.164
6.9967,0.16425
6.995,0.1645
6.99,0.16475
6.9933,0.165
6.99,0.16525
6.9933,0.1655
6.9983,0.16575
6.9967,0.166
7.0017,0.16625
7.0017,0.1665
7,0.16675
7.0017,0.167
7.0083,0.16725
7.0083,0.1675
7.015,0.16775
7.015,0.168
7.02,0.16825
7.02,0.1685
7.03,0.16875
7.03,0.169
7.0383,0.16925
7.0383,0.1695
7.0483,0.16975
7.05,0.17
7.065,0.17025
7.0667,0.1705
7.1217,0.17075
7.1483,0.171
6.965,0.17125
6.9433,0.1715
6.96,0.17175
6.9617,0.172
6.9917,0.17225
6.9933,0.1725
7.0067,0.17275
7.0067,0.173
7.0117,0.17325
7.01,0.1735
7.0117,0.17375
7.0117,0.174
7.0067,0.17425
7.0067,0.1745
7.01,0.17475
7.01,0.175
7.0167,0.17525
7.0183,0.1755
7.0217,0.17575
7.0217,0.176
7.0183,0.17625
7.0233,0.1765
7.0267,0.17675
7.025,0.177
7.0283,0.17725
7.0267,0.1775
7.03,0.17775
7.03,0.178
7.0383,0.17825
7.0383,0.1785
7.05,0.17875
7.05,0.179
7.0583,0.17925
7.06,0.1795
7.0633,0.17975
7.0617,0.18
7.0567,0.18025
7.0583,0.1805
7.0533,0.18075
7.055,0.181
7.0467,0.18125
7.0467,0.1815
7.0433,0.18175
7.045,0.182
7.0367,0.18225
7.0367,0.1825
7.0317,0.18275
7.03,0.183
7.0217,0.18325
7.0217,0.1835
7.0283,0.18375
7.0283,0.184
7.0317,0.18425
7.03,0.1845
7.0333,0.18475
7.03,0.185
7.0333,0.18525
7.0333,0.1855
7.0383,0.18575
7.0383,0.186
7.0467,0.18625
7.0467,0.1865
7.0533,0.18675
7.055,0.187
7.0633,0.18725
7.065,0.1875
7.0783,0.18775
7.08,0.188
7.075,0.18825
7.0767,0.1885
7.085,0.18875
7.085,0.189
7.075,0.18925
7.0733,0.1895
7.055,0.18975
7.055,0.19
7.0317,0.19025
7.03,0.1905
7.0167,0.19075
7.015,0.191
6.9367,0.19125
6.9217,0.1915
6.9433,0.19175
6.945,0.192
6.97,0.19225
6.97,0.1925
7.0133,0.19275
7.015,0.193
7.08,0.19325
7.08,0.1935
7.0967,0.19375
7.0983,0.194
7.08,0.19425
7.0783,0.1945
7.045,0.19475
7.0433,0.195
7.025,0.19525
7.0233,0.1955
7.0167,0.19575
7.0167,0.196
7.0133,0.19625
7.015,0.1965
7,0.19675
6.9983,0.197
6.9817,0.19725
6.9767,0.1975
6.9983,0.19775
7.0017,0.198
7.0967,0.19825
7.1,0.1985
7.15,0.19875
7.1517,0.199
7.1683,0.19925
7.1667,0.1995
7.0967,0.19975
7.3517,0.2
7.0717,0.20025
7.0667,0.2005
7.335,0.20075
7.1367,0.201
6.8517,0.20125
6.795,0.2015
6.8517,0.20175
6.855,0.202
6.93,0.20225
6.9333,0.2025
6.97,0.20275
6.9717,0.203
6.9867,0.20325
6.9867,0.2035
6.9983,0.20375
6.9983,0.204
7.0067,0.20425
7.0067,0.2045
7.0033,0.20475
7.005,0.205
6.995,0.20525
6.9933,0.2055
6.985,0.20575
6.985,0.206
6.9917,0.20625
6.99,0.2065
6.995,0.20675
6.995,0.207
6.9967,0.20725
6.9967,0.2075
6.9933,0.20775
6.9933,0.208
6.9817,0.20825
6.98,0.2085
6.955,0.20875
6.955,0.209
6.9383,0.20925
6.9383,0.2095
6.9317,0.20975
6.9317,0.21
6.9283,0.21025
6.93,0.2105
6.9267,0.21075
6.9267,0.211
6.9133,0.21125
6.9133,0.2115
6.905,0.21175
6.905,0.212
6.8983,0.21225
6.8983,0.2125
6.8933,0.21275
6.8933,0.213
6.89,0.21325
6.8917,0.2135
6.8883,0.21375
6.8867,0.214
6.89,0.21425
6.8917,0.2145
6.9017,0.21475
6.9033,0.215
6.915,0.21525
6.915,0.2155
6.9083,0.21575
6.9083,0.216
6.8967,0.21625
6.8967,0.2165
6.8767,0.21675
6.875,0.217
6.8617,0.21725
6.8617,0.2175
6.855,0.21775
6.8567,0.218
6.85,0.21825
6.85,0.2185
6.8333,0.21875
6.8317,0.219
6.8017,0.21925
6.8,0.2195
6.7667,0.21975
6.7667,0.22
6.7417,0.22025
6.74,0.2205
6.7283,0.22075
6.7267,0.221
6.73,0.22125
6.7283,0.2215
6.7333,0.22175
6.73,0.222
6.7333,0.22225
6.7333,0.2225
6.7367,0.22275
6.735,0.223
6.7317,0.22325
6.7317,0.2235
6.7383,0.22375
6.7383,0.224
6.745,0.22425
6.7433,0.2245
6.7533,0.22475
6.7517,0.225
6.7567,0.22525
6.7567,0.2255
6.765,0.22575
6.765,0.226
6.775,0.22625
6.775,0.2265
6.7917,0.22675
6.7917,0.227
6.805,0.22725
6.8067,0.2275
6.83,0.22775
6.8317,0.228
6.8633,0.22825
6.8633,0.2285
6.9017,0.22875
6.9017,0.229
6.9467,0.22925
6.9483,0.2295
6.9867,0.22975
6.9867,0.23
7.0067,0.23025
7.0067,0.2305
7.0133,0.23075
7.0133,0.231
7.0217,0.23125
7.0183,0.2315
7.0233,0.23175
7.0233,0.232
7.0283,0.23225
7.0283,0.2325
7.035,0.23275
7.0333,0.233
7.0417,0.23325
7.0417,0.2335
7.0483,0.23375
7.0483,0.234
7.0533,0.23425
7.0533,0.2345
7.0583,0.23475
7.0583,0.235
7.0683,0.23525
7.0683,0.2355
7.0733,0.23575
7.0733,0.236
7.0783,0.23625
7.08,0.2365
7.0867,0.23675
7.0867,0.237
7.0917,0.23725
7.0917,0.2375
7.0933,0.23775
7.0917,0.238
7.0933,0.23825
7.0917,0.2385
7.0967,0.23875
7.0967,0.239
7.105,0.23925
7.105,0.2395
7.115,0.23975
7.1133,0.24
7.1283,0.24025
7.1283,0.2405
7.1417,0.24075
7.1417,0.241
7.1517,0.24125
7.1517,0.2415
7.1583,0.24175
7.1583,0.242
7.1633,0.24225
7.165,0.2425
7.16,0.24275
7.1583,0.243
7.165,0.24325
7.165,0.2435
7.17,0.24375
7.17,0.244
7.175,0.24425
7.1767,0.2445
7.185,0.24475
7.185,0.245
7.19,0.24525
7.1883,0.2455
7.1967,0.24575
7.1967,0.246
7.215,0.24625
7.2167,0.2465
7.2367,0.24675
7.2383,0.247
7.2717,0.24725
7.2733,0.2475
7.34,0.24775
7.34,0.248
7.385,0.24825
7.3667,0.2485
7.0867,0.24875
7.0767,0.249
7.1167,0.24925
7.09,0.2495
7.17,0.24975
7.1,0.25
7.175,0.25025
7.255,0.2505
7.2567,0.25075
7.2667,0.251
7.2633,0.25125
7.225,0.2515
7.2217,0.25175
7.1783,0.252
7.1783,0.25225
7.1517,0.2525
7.1517,0.25275
7.1417,0.253
7.14,0.25325
7.1333,0.2535
7.135,0.25375
7.13,0.254
7.13,0.25425
7.1267,0.2545
7.1267,0.25475
7.1217,0.255
7.1233,0.25525
7.12,0.2555
7.12,0.25575
7.1217,0.256
7.1233,0.25625
7.12,0.2565
7.1217,0.25675
7.1167,0.257
7.1183,0.25725
7.12,0.2575
7.1183,0.25775
7.12,0.258
7.12,0.25825
7.1167,0.2585
7.1167,0.25875
7.1117,0.259
7.1117,0.25925
7.1083,0.2595
7.1083,0.25975
7.1033,0.26
7.105,0.26025
7.1017,0.2605
7.105,0.26075
7.1133,0.261
7.1133,0.26125
7.1233,0.2615
7.1233,0.26175
7.1317,0.262
7.1317,0.26225
7.1333,0.2625
7.1333,0.26275
7.1367,0.263
7.135,0.26325
7.1333,0.2635
7.135,0.26375
7.1317,0.264
7.1333,0.26425
7.1233,0.2645
7.1233,0.26475
7.115,0.265
7.115,0.26525
7.0967,0.2655
7.0967,0.26575
7.0867,0.266
7.085,0.26625
7.0767,0.2665
7.0767,0.26675
7.0717,0.267
7.0733,0.26725
7.075,0.2675
7.075,0.26775
7.08,0.268
7.08,0.26825
7.0833,0.2685
7.0833,0.26875
7.0817,0.269
7.0817,0.26925
7.0783,0.2695
7.08,0.26975
7.075,0.27
7.075,0.27025
7.0717,0.2705
7.0717,0.27075
7.0667,0.271
7.0667,0.27125
7.07,0.2715
7.065,0.27175
7.0633,0.272
7.0633,0.27225
7.0617,0.2725
7.0617,0.27275
7.065,0.273
7.065,0.27325
7.06,0.2735
7.06,0.27375
7.0517,0.274
7.0533,0.27425
7.0483,0.2745
7.0483,0.27475
7.0467,0.275
7.05,0.27525
7.0467,0.2755
7.0483,0.27575
7.045,0.276
7.0483,0.27625
7.0433,0.2765
7.045,0.27675
7.04,0.277
7.0417,0.27725
7.0383,0.2775
7.0383,0.27775
7.0417,0.278
7.04,0.27825
7.045,0.2785
7.0467,0.27875
7.0533,0.279
7.0533,0.27925
7.0767,0.2795
7.0783,0.27975
7.1433,0.28
7.145,0.28025
6.9717,0.2805
6.975,0.28075
7.0117,0.281
7.0133,0.28125
7.0333,0.2815
7.035,0.28175
7.0383,0.282
7.0383,0.28225
7.0283,0.2825
7.0267,0.28275
7.0233,0.283
7.0217,0.28325
7.0267,0.2835
7.0267,0.28375
7.0317,0.284
7.0317,0.28425
7.0333,0.2845
7.0333,0.28475
7.0283,0.285
7.03,0.28525
7.0267,0.2855
7.0267,0.28575
7.0183,0.286
7.0183,0.28625
7.0083,0.2865
7.0083,0.28675
6.9983,0.287
6.9983,0.28725
6.9583,0.2875
6.955,0.28775
6.8767,0.288
6.8733,0.28825
6.8583,0.2885
6.865,0.28875
6.9717,0.289
6.975,0.28925
7.0567,0.2895
7.0583,0.28975
7.0783,0.29
7.075,0.29025
7.045,0.2905
7.045,0.29075
7.0217,0.291
7.02,0.29125
7.01,0.2915
7.01,0.29175
7.005,0.292
7.005,0.29225
7.0067,0.2925
7.0083,0.29275
7.0133,0.293
7.015,0.29325
7.0183,0.2935
7.0167,0.29375
7.02,0.294
7.02,0.29425
7.025,0.2945
7.025,0.29475
7.0183,0.295
7.0167,0.29525
7.0067,0.2955
7.005,0.29575
6.9967,0.296
6.9967,0.29625
7.0017,0.2965
7.0017,0.29675
7.0133,0.297
7.0133,0.29725
7.02,0.2975
7.02,0.29775
7.0367,0.298
7.0367,0.29825
7.065,0.2985
7.0667,0.29875
7.09,0.299
7.08,0.29925
7.0167,0.2995
7.03,0.29975
7.2183,0.3
7.0133,0.30025
7.2267,0.3005
7.2017,0.30075
6.825,0.301
6.8183,0.30125
6.7417,0.3015
6.7767,0.30175
6.9,0.302
6.905,0.30225
6.9567,0.3025
6.9583,0.30275
6.95,0.303
6.9467,0.30325
6.9583,0.3035
6.9583,0.30375
6.9717,0.304
6.9717,0.30425
6.965,0.3045
6.9683,0.30475
6.9617,0.305
6.9617,0.30525
6.9667,0.3055
6.9667,0.30575
6.975,0.306
6.9767,0.30625
6.9783,0.3065
6.9783,0.30675
6.9667,0.307
6.9667,0.30725
6.9717,0.3075
6.9733,0.30775
6.9783,0.308
6.975,0.30825
6.9817,0.3085
6.9783,0.30875
6.9733,0.309
6.9783,0.30925
6.9683,0.3095
6.9667,0.30975
6.8983,0.31
6.88,0.31025
6.92,0.3105
6.9233,0.31075
7.02,0.311
7.0217,0.31125
7.0483,0.3115
7.0467,0.31175
7.0133,0.312
7.0117,0.31225
6.985,0.3125
6.985,0.31275
6.9683,0.313
6.9683,0.31325
6.96,0.3135
6.96,0.31375
6.9533,0.314
6.955,0.31425
6.9533,0.3145
6.955,0.31475
6.9633,0.315
6.9633,0.31525
6.9733,0.3155
6.9733,0.31575
6.985,0.316
6.985,0.31625
6.9933,0.3165
6.9933,0.31675
6.9983,0.317
6.9967,0.31725
7.0017,0.3175
6.9967,0.31775
6.99,0.318
6.9883,0.31825
6.9817,0.3185
6.9817,0.31875
6.9767,0.319
6.9767,0.31925
6.975,0.3195
6.975,0.31975
6.9683,0.32
6.9683,0.32025
6.96,0.3205
6.96,0.32075
6.9567,0.321
6.9583,0.32125
6.9633,0.3215
6.9617,0.32175
6.9717,0.322
6.9733,0.32225
6.9817,0.3225
6.9817,0.32275
6.9883,0.323
6.99,0.32325
6.985,0.3235
6.9833,0.32375
6.965,0.324
6.9633,0.32425
6.9433,0.3245
6.9433,0.32475
6.9333,0.325
6.9317,0.32525
6.94,0.3255
6.9417,0.32575
6.9533,0.326
6.9517,0.32625
6.9583,0.3265
6.9567,0.32675
6.9583,0.327
6.9567,0.32725
6.9667,0.3275
6.9667,0.32775
6.9783,0.328
6.9783,0.32825
6.99,0.3285
6.9917,0.32875
6.9867,0.329
6.9867,0.32925
6.9833,0.3295
6.9833,0.32975
6.97,0.33
6.9683,0.33025
6.965,0.3305
6.9667,0.33075
6.97,0.331
6.9717,0.33125
6.975,0.3315
6.975,0.33175
6.97,0.332
6.9733,0.33225
6.9617,0.3325
6.9633,0.33275
6.9533,0.333
6.9533,0.33325
6.9483,0.3335
6.95,0.33375
6.9467,0.334
6.9483,0.33425
6.9567,0.3345
6.9567,0.33475
6.965,0.335
6.965,0.33525
6.9717,0.3355
6.9717,0.33575
6.975,0.336
6.9733,0.33625
6.97,0.3365
6.97,0.33675
6.9733,0.337
6.9717,0.33725
6.9717,0.3375
6.9717,0.33775
6.9667,0.338
6.97,0.33825
6.9667,0.3385
6.9667,0.33875
6.9617,0.339
6.9617,0.33925
6.9567,0.3395
6.9583,0.33975
6.955,0.34
6.9567,0.34025
6.96,0.3405
6.96,0.34075
6.9633,0.341
6.965,0.34125
6.9617,0.3415
6.9617,0.34175
6.9567,0.342
6.9567,0.34225
6.95,0.3425
6.9517,0.34275
6.9417,0.343
6.9417,0.34325
6.935,0.3435
6.935,0.34375
6.9317,0.344
6.9317,0.34425
6.9367,0.3445
6.9367,0.34475
6.9433,0.345
6.9433,0.34525
6.945,0.3455
6.945,0.34575
6.9433,0.346
6.9433,0.34625
6.945,0.3465
6.945,0.34675
6.9417,0.347
6.9417,0.34725
6.9417,0.3475
6.9433,0.34775
6.94,0.348
6.9417,0.34825
6.94,0.3485
6.9417,0.34875
6.9383,0.349
6.9417,0.34925
6.94,0.3495
6.9417,0.34975
6.9433,0.35
6.9417,0.35025
6.9383,0.3505
6.94,0.35075
6.9483,0.351
6.95,0.35125
6.9617,0.3515
6.9617,0.35175
6.9733,0.352
6.9733,0.35225
6.98,0.3525
6.9817,0.35275
6.9917,0.353
6.9917,0.35325
7.0033,0.3535
7.0033,0.35375
7.015,0.354
7.015,0.35425
7.0317,0.3545
7.0333,0.35475
7.0683,0.355
7.0717,0.35525
7.1217,0.3555
7.1517,0.35575
7.0417,0.356
7.0267,0.35625
6.8717,0.3565
6.93,0.35675
6.8933,0.357
6.915,0.35725
7.0017,0.3575
7.005,0.35775
7.0567,0.358
7.0567,0.35825
7.03,0.3585
7.0283,0.35875
6.98,0.359
6.9783,0.35925
6.91,0.3595
6.905,0.35975
6.8033,0.36
6.8,0.36025
6.7633,0.3605
6.7667,0.36075
6.8667,0.361
6.8717,0.36125
6.96,0.3615
6.9633,0.36175
7.02,0.362
7.0217,0.36225
7.0467,0.3625
7.05,0.36275
6.8483,0.363
6.845,0.36325
6.87,0.3635
6.8717,0.36375
6.9067,0.364
6.9083,0.36425
6.93,0.3645
6.9317,0.36475
6.9417,0.365
6.9433,0.36525
6.9517,0.3655
6.9517,0.36575
6.965,0.366
6.9667,0.36625
6.9817,0.3665
6.9817,0.36675
6.9933,0.367
6.9933,0.36725
6.9983,0.3675
6.9933,0.36775
6.9867,0.368
6.9867,0.36825
6.98,0.3685
6.98,0.36875
6.97,0.369
6.97,0.36925
6.9633,0.3695
6.9633,0.36975
6.96,0.37
6.9567,0.37025
6.9633,0.3705
6.9633,0.37075
6.97,0.371
6.9683,0.37125
6.9733,0.3715
6.9717,0.37175
6.975,0.372
6.9733,0.37225
6.9767,0.3725
6.975,0.37275
6.9767,0.373
6.9767,0.37325
6.98,0.3735
6.9817,0.37375
6.9883,0.374
6.99,0.37425
6.9833,0.3745
6.9817,0.37475
6.94,0.375
6.9383,0.37525
6.8983,0.3755
6.8967,0.37575
6.95,0.376
6.9533,0.37625
7.0133,0.3765
7.02,0.37675
7.0133,0.377
7.0083,0.37725
7.015,0.3775
7.0167,0.37775
7.0283,0.378
7.03,0.37825
7.05,0.3785
7.05,0.37875
7.07,0.379
7.03,0.37925
7.13,0.3795
7.1867,0.37975
6.96,0.38
7.2067,0.38025
6.925,0.3805
6.9,0.38075
6.8333,0.381
6.8183,0.38125
6.9,0.3815
6.9033,0.38175
6.9583,0.382
6.96,0.38225
6.9683,0.3825
6.97,0.38275
6.9767,0.383
6.9767,0.38325
6.9917,0.3835
6.9933,0.38375
7.0067,0.384
7.0083,0.38425
7.0117,0.3845
7.0117,0.38475
7.0183,0.385
7.02,0.38525
7.015,0.3855
7.015,0.38575
7.0083,0.386
7.01,0.38625
7.005,0.3865
7.0067,0.38675
7.0017,0.387
7.0017,0.38725
6.9833,0.3875
6.9833,0.38775
6.9667,0.388
6.9667,0.38825
6.9617,0.3885
6.965,0.38875
6.9617,0.389
6.9633,0.38925
6.9667,0.3895
6.965,0.38975
6.9717,0.39
6.9717,0.39025
6.9783,0.3905
6.9767,0.39075
6.9817,0.391
6.9817,0.39125
6.9867,0.3915
6.985,0.39175
6.99,0.392
6.9917,0.39225
6.9883,0.3925
6.99,0.39275
6.9933,0.393
6.9933,0.39325
6.99,0.3935
6.9933,0.39375
6.9917,0.394
6.9933,0.39425
6.9917,0.3945
6.9917,0.39475
6.9833,0.395
6.9833,0.39525
6.9767,0.3955
6.975,0.39575
6.9683,0.396
6.97,0.39625
6.9717,0.3965
6.97,0.39675
6.9667,0.397
6.9667,0.39725
6.9717,0.3975
6.97,0.39775
6.975,0.398
6.975,0.39825
6.9733,0.3985
6.975,0.39875
6.9717,0.399
6.975,0.39925
6.9717,0.3995
6.9717,0.39975
6.9683,0.4
6.9683,0.40025
6.9733,0.4005
6.9733,0.40075
6.9833,0.401
6.9833,0.40125
6.995,0.4015
6.995,0.40175
7.0067,0.402
7.0067,0.40225
7.0217,0.4025
7.0233,0.40275
7.035,0.403
7.035,0.40325
7.0283,0.4035
7.0267,0.40375
7.02,0.404
7.0217,0.40425
7.0167,0.4045
7.0167,0.40475
7.0117,0.405
7.01,0.40525
7.0067,0.4055
7.0083,0.40575
7.0117,0.406
7.01,0.40625
7.0083,0.4065
7.0083,0.40675
7.005,0.407
7.005,0.40725
7.0083,0.4075
7.0083,0.40775
7.0067,0.408
7.0067,0.40825
7.0033,0.4085
7.005,0.40875
7.0033,0.409
7.0033,0.40925
6.9983,0.4095
6.9983,0.40975
7.0017,0.41
7,0.41025
6.9983,0.4105
7.0017,0.41075
6.9983,0.411
7,0.41125
6.9967,0.4115
6.9983,0.41175
6.995,0.412
6.995,0.41225
6.9917,0.4125
6.9917,0.41275
6.99,0.413
6.99,0.41325
6.9883,0.4135
6.9883,0.41375
6.9867,0.414
6.9867,0.41425
6.9917,0.4145
6.9917,0.41475
6.995,0.415
6.995,0.41525
6.9917,0.4155
6.9917,0.41575
6.995,0.416
6.995,0.41625
6.9967,0.4165
6.9967,0.41675
7,0.417
7,0.41725
7.0017,0.4175
7.0017,0.41775
7.005,0.418
7.005,0.41825
7.0067,0.4185
7.0067,0.41875
7.005,0.419
7.005,0.41925
7,0.4195
6.9983,0.41975
7.0017,0.42
7,0.42025
6.9967,0.4205
6.9967,0.42075
6.995,0.421
6.9933,0.42125
6.9967,0.4215
6.9967,0.42175
7.0033,0.422
7.0017,0.42225
7.005,0.4225
7.0033,0.42275
6.9983,0.423
6.9983,0.42325
6.99,0.4235
6.99,0.42375
6.9867,0.424
6.9867,0.42425
6.9817,0.4245
6.98,0.42475
6.9833,0.425
6.9833,0.42525
6.9917,0.4255
6.99,0.42575
6.995,0.426
6.9933,0.42625
6.9983,0.4265
6.995,0.42675
6.9867,0.427
6.9867,0.42725
6.97,0.4275
6.97,0.42775
6.9667,0.428
6.9683,0.42825
6.965,0.4285
6.9683,0.42875
6.975,0.429
6.975,0.42925
6.9783,0.4295
6.9767,0.42975
6.9867,0.43
6.9883,0.43025
6.965,0.4305
6.9633,0.43075
6.8733,0.431
6.8733,0.43125
6.94,0.4315
6.9433,0.43175
7.0317,0.432
7.035,0.43225
7.0783,0.4325
7.0817,0.43275
7.07,0.433
7.0683,0.43325
7.0433,0.4335
7.0417,0.43375
7.0233,0.434
7.0217,0.43425
7.0117,0.4345
7.0117,0.43475
7.015,0.435
7.0133,0.43525
7.0167,0.4355
7.0167,0.43575
7.0167,0.436
7.0167,0.43625
7.0133,0.4365
7.0117,0.43675
7,0.437
7,0.43725
6.9917,0.4375
6.9917,0.43775
6.99,0.438
6.9917,0.43825
6.9967,0.4385
6.9967,0.43875
7.0017,0.439
7.0017,0.43925
7.0033,0.4395
7.0017,0.43975
6.99,0.44
6.99,0.44025
6.9783,0.4405
6.9783,0.44075
6.9733,0.441
6.9733,0.44125
6.9683,0.4415
6.9683,0.44175
6.9717,0.442
6.9683,0.44225
6.97,0.4425
6.9683,0.44275
6.9717,0.443
6.97,0.44325
6.9733,0.4435
6.9717,0.44375
6.965,0.444
6.9683,0.44425
6.965,0.4445
6.9667,0.44475
6.9733,0.445
6.9733,0.44525
6.975,0.4455
6.975,0.44575
6.9717,0.446
6.97,0.44625
6.9733,0.4465
6.97,0.44675
6.9733,0.447
6.9717,0.44725
6.98,0.4475
6.9783,0.44775
6.9817,0.448
6.98,0.44825
6.9733,0.4485
6.9733,0.44875
6.9267,0.449
6.9233,0.44925
6.8467,0.4495
6.8433,0.44975
6.8667,0.45
6.8717,0.45025
6.9683,0.4505
6.9717,0.45075
7.045,0.451
7.0467,0.45125
7.0567,0.4515
7.0467,0.45175
7.0133,0.452
7.0117,0.45225
6.9883,0.4525
6.9867,0.45275
6.9783,0.453
6.9783,0.45325
6.975,0.4535
6.9767,0.45375
6.9733,0.454
6.9733,0.45425
6.9683,0.4545
6.9683,0.45475
6.965,0.455
6.9667,0.45525
6.97,0.4555
6.97,0.45575
6.975,0.456
6.975,0.45625
6.9767,0.4565
6.9783,0.45675
6.975,0.457
6.9767,0.45725
6.975,0.4575
6.975,0.45775
6.9767,0.458
6.9767,0.45825
6.9733,0.4585
6.975,0.45875
6.98,0.459
6.98,0.45925
6.9833,0.4595
6.9833,0.45975
7.0017,0.46
7.0033,0.46025
7.0517,0.4605
7.0567,0.46075
6.885,0.461
6.885,0.46125
6.925,0.4615
6.9267,0.46175
6.9633,0.462
6.965,0.46225
6.985,0.4625
6.9833,0.46275
6.9883,0.463
6.9883,0.46325
7.0083,0.4635
7.01,0.46375
7.03,0.464
7.03,0.46425
7.0417,0.4645
7.0433,0.46475
7.0367,0.465
7.0333,0.46525
7.0633,0.4655
7.0667,0.46575
7.165,0.466
7.165,0.46625
6.9917,0.4665
6.9867,0.46675
6.935,0.467
6.9317,0.46725
7.0067,0.4675
7.015,0.46775
7.1317,0.468
7.1333,0.46825
7.15,0.4685
7.1383,0.46875
7.0833,0.469
7.0817,0.46925
7.0217,0.4695
7.02,0.46975
6.9967,0.47
6.9967,0.47025
7.0033,0.4705
7.0017,0.47075
6.9317,0.471
6.9067,0.47125
7.1017,0.4715
7.1033,0.47175
6.9133,0.472
7.135,0.47225
6.7883,0.4725
6.8033,0.47275
6.74,0.473
6.7517,0.47325
6.865,0.4735
6.87,0.47375
6.9267,0.474
6.9267,0.47425
6.94,0.4745
6.94,0.47475
6.9483,0.475
6.9483,0.47525
6.9583,0.4755
6.9583,0.47575
6.965,0.476
6.9633,0.47625
6.9667,0.4765
6.9667,0.47675
6.965,0.477
6.965,0.47725
6.97,0.4775
6.9683,0.47775
6.9717,0.478
6.9717,0.47825
6.975,0.4785
6.975,0.47875
6.9783,0.479
6.98,0.47925
6.9833,0.4795
6.9817,0.47975
6.98,0.48
6.98,0.48025
6.985,0.4805
6.985,0.48075
6.9883,0.481
6.99,0.48125
7,0.4815
7,0.48175
7.0083,0.482
7.0083,0.48225
7.0133,0.4825
7.0133,0.48275
7.0183,0.483
7.0183,0.48325
7.0233,0.4835
7.0233,0.48375
7.03,0.484
7.03,0.48425
7.0333,0.4845
7.0317,0.48475
7.035,0.485
7.035,0.48525
7.0383,0.4855
7.035,0.48575
7.0233,0.486
7.0233,0.48625
7,0.4865
7,0.48675
6.9883,0.487
6.9883,0.48725
6.9833,0.4875
6.9867,0.48775
6.9917,0.488
6.9917,0.48825
7,0.4885
7,0.48875
7.0067,0.489
7.0083,0.48925
7.015,0.4895
7.015,0.48975
7.0217,0.49
7.02,0.49025
7.03,0.4905
7.0283,0.49075
7.035,0.491
7.0333,0.49125
7.0367,0.4915
7.0367,0.49175
7.04,0.492
7.04,0.49225
7.0367,0.4925
7.0383,0.49275
7.03,0.493
7.03,0.49325
7.0267,0.4935
7.0267,0.49375
7.0333,0.494
7.0333,0.49425
7.04,0.4945
7.04,0.49475
7.0383,0.495
7.0417,0.49525
7.0467,0.4955
7.0467,0.49575
7.0433,0.496
7.045,0.49625
7.0417,0.4965
7.0417,0.49675
7.0383,0.497
7.0383,0.49725
7.0433,0.4975
7.0433,0.49775
7.05,0.498
7.05,0.49825
7.065,0.4985
7.0667,0.49875
7.08,0.499
7.0783,0.49925
7.0733,0.4995
7.0767,0.49975
7.0683,0.5
7.1,0.50025
7.0667,0.5005
7.0583,0.50075
7.0567,0.501
7.04,0.50125
7.0417,0.5015
7.03,0.50175
7.03,0.502
7.0333,0.50225
7.0333,0.5025
7.0317,0.50275
7.0317,0.503
7.025,0.50325
7.025,0.5035
7.0217,0.50375
7.0233,0.504
7.02,0.50425
7.0233,0.5045
7.03,0.50475
7.0283,0.505
7.0333,0.50525
7.0333,0.5055
7.0367,0.50575
7.0367,0.506
7.0383,0.50625
7.0383,0.5065
7.035,0.50675
7.0367,0.507
7.0317,0.50725
7.0333,0.5075
7.0283,0.50775
7.0267,0.508
7.0317,0.50825
7.0317,0.5085
7.0383,0.50875
7.04,0.509
7.0483,0.50925
7.0483,0.5095
7.0583,0.50975
7.06,0.51
7.0533,0.51025
7.0533,0.5105
7.0467,0.51075
7.0467,0.511
7.0433,0.51125
7.045,0.5115
7.0417,0.51175
7.045,0.512
7.05,0.51225
7.0483,0.5125
7.0567,0.51275
7.0567,0.513
7.05,0.51325
7.05,0.5135
7.0417,0.51375
7.0417,0.514
7.0333,0.51425
7.0333,0.5145
7.025,0.51475
7.0267,0.515
7.04,0.51525
7.04,0.5155
7.0533,0.51575
7.0533,0.516
7.05,0.51625
7.0533,0.5165
7.0483,0.51675
7.05,0.517
7.0467,0.51725
7.0467,0.5175
7.05,0.51775
7.0467,0.518
7.045,0.51825
7.0467,0.5185
7.045,0.51875
7.045,0.519
7.0483,0.51925
7.05,0.5195
7.055,0.51975
7.055,0.52
7.06,0.52025
7.06,0.5205
7.0617,0.52075
7.0583,0.521
7.05,0.52125
7.0483,0.5215
7.0367,0.52175
7.04,0.522
7.035,0.52225
7.035,0.5225
7.0367,0.52275
7.035,0.523
7.0367,0.52325
7.0367,0.5235
7.04,0.52375
7.0383,0.524
7.0367,0.52425
7.0367,0.5245
7.0333,0.52475
7.0333,0.525
7.0267,0.52525
7.0267,0.5255
7.03,0.52575
7.0283,0.526
7.035,0.52625
7.035,0.5265
7.0367,0.52675
7.035,0.527
7.02,0.52725
7.0183,0.5275
6.9983,0.52775
6.9967,0.528
6.9833,0.52825
6.9817,0.5285
6.97,0.52875
6.9683,0.529
6.9717,0.52925
6.9717,0.5295
6.9817,0.52975
6.9817,0.53
6.9883,0.53025
6.9883,0.5305
6.9967,0.53075
6.9967,0.531
7.005,0.53125
7.0067,0.5315
6.9917,0.53175
6.99,0.532
6.9317,0.53225
6.9283,0.5325
6.875,0.53275
6.88,0.533
6.9383,0.53325
6.9433,0.5335
7.025,0.53375
7.0283,0.534
7.08,0.53425
7.0833,0.5345
7.0617,0.53475
7.06,0.535
7.0267,0.53525
7.025,0.5355
7.0083,0.53575
7.0067,0.536
6.9983,0.53625
6.9983,0.5365
6.995,0.53675
6.995,0.537
6.9933,0.53725
6.9917,0.5375
6.995,0.53775
6.9967,0.538
6.9933,0.53825
6.9967,0.5385
6.99,0.53875
6.99,0.539
6.9867,0.53925
6.99,0.5395
6.9867,0.53975
6.985,0.54
6.9833,0.54025
6.985,0.5405
6.975,0.54075
6.9717,0.541
6.98,0.54125
6.9733,0.5415
6.91,0.54175
6.905,0.542
6.8783,0.54225
6.9,0.5425
7.0033,0.54275
7.0067,0.543
7.0533,0.54325
7.055,0.5435
7.0483,0.54375
7.0483,0.544
7.035,0.54425
7.0333,0.5445
7.025,0.54475
7.0233,0.545
7.025,0.54525
7.025,0.5455
7.0233,0.54575
7.0233,0.546
7.0183,0.54625
7.0167,0.5465
7.0133,0.54675
7.0167,0.547
7.0117,0.54725
7.015,0.5475
7.0133,0.54775
7.015,0.548
7.04,0.54825
7.0433,0.5485
7.0717,0.54875
7.0717,0.549
6.8683,0.54925
6.865,0.5495
6.88,0.54975
6.88,0.55
6.9033,0.55025
6.905,0.5505
6.9167,0.55075
6.9183,0.551
6.9317,0.55125
6.9333,0.5515
6.9433,0.55175
6.9433,0.552
6.9383,0.55225
6.9367,0.5525
6.9067,0.55275
6.9067,0.553
6.8967,0.55325
6.9017,0.5535
7,0.55375
7.005,0.554
7.085,0.55425
7.09,0.5545
7.0767,0.55475
7.075,0.555
7.0667,0.55525
7.0683,0.5555
7.065,0.55575
7.065,0.556
7.0483,0.55625
7.0533,0.5565
7.0417,0.55675
7.0417,0.557
7.0367,0.55725
7.0383,0.5575
7.0333,0.55775
7.035,0.558
7.0483,0.55825
7.0483,0.5585
7.0583,0.55875
7.0517,0.559
6.9717,0.55925
6.9767,0.5595
7.1733,0.55975
7.0017,0.56
7.1767,0.56025
7.0917,0.5605
6.79,0.56075
6.825,0.561
6.7617,0.56125
6.8017,0.5615
6.87,0.56175
6.8717,0.562
6.8967,0.56225
6.8967,0.5625
6.9067,0.56275
6.9083,0.563
6.92,0.56325
6.92,0.5635
6.9333,0.56375
6.9317,0.564
6.9483,0.56425
6.95,0.5645
6.965,0.56475
6.965,0.565
6.98,0.56525
6.98,0.5655
6.9883,0.56575
6.9883,0.566
6.99,0.56625
6.9883,0.5665
6.9917,0.56675
6.9883,0.567
6.9983,0.56725
6.9983,0.5675
7.0133,0.56775
7.0133,0.568
7.0167,0.56825
7.0117,0.5685
7.0167,0.56875
7.015,0.569
7.02,0.56925
7.0167,0.5695
7.0217,0.56975
7.0217,0.57
7.0333,0.57025
7.0333,0.5705
7.0583,0.57075
7.06,0.571
7.095,0.57125
7.0967,0.5715
7.1567,0.57175
7.16,0.572
7.2383,0.57225
7.2467,0.5725
7.0783,0.57275
7.065,0.573
6.8967,0.57325
6.8417,0.5735
6.91,0.57375
6.9167,0.574
7.02,0.57425
7.0233,0.5745
7.0517,0.57475
7.0483,0.575
7.0067,0.57525
7.0033,0.5755
6.9567,0.57575
6.955,0.576
6.9217,0.57625
6.92,0.5765
6.9017,0.57675
6.9,0.577
6.8917,0.57725
6.8917,0.5775
6.8867,0.57775
6.885,0.578
6.88,0.57825
6.8817,0.5785
6.8783,0.57875
6.88,0.579
6.8833,0.57925
6.8833,0.5795
6.895,0.57975
6.895,0.58
6.9083,0.58025
6.9083,0.5805
6.9267,0.58075
6.9267,0.581
6.94,0.58125
6.94,0.5815
6.9517,0.58175
6.9517,0.582
6.955,0.58225
6.9517,0.5825
6.955,0.58275
6.955,0.583
6.9633,0.58325
6.9633,0.5835
6.965,0.58375
6.965,0.584
6.965,0.58425
6.9633,0.5845
6.9667,0.58475
6.9667,0.585
6.9733,0.58525
6.9717,0.5855
6.975,0.58575
6.975,0.586
6.9667,0.58625
6.9683,0.5865
6.9633,0.58675
6.9633,0.587
6.9567,0.58725
6.955,0.5875
6.945,0.58775
6.9467,0.588
6.935,0.58825
6.935,0.5885
6.93,0.58875
6.9317,0.589
6.94,0.58925
6.94,0.5895
6.9583,0.58975
6.96,0.59
6.9817,0.59025
6.9833,0.5905
6.995,0.59075
6.995,0.591
6.9917,0.59125
6.9933,0.5915
6.9967,0.59175
6.9967,0.592
6.9983,0.59225
6.995,0.5925
7,0.59275
7,0.593
6.9917,0.59325
6.9917,0.5935
6.9817,0.59375
6.9817,0.594
6.9733,0.59425
6.9733,0.5945
6.97,0.59475
6.9733,0.595
6.9817,0.59525
6.9817,0.5955
6.9933,0.59575
6.9917,0.596
6.9983,0.59625
6.9967,0.5965
7,0.59675
7,0.597
7.0017,0.59725
7.0017,0.5975
6.9967,0.59775
6.995,0.598
7,0.59825
6.9983,0.5985
6.9967,0.59875
6.9967,0.599
6.995,0.59925
6.9933,0.5995
6.9967,0.59975
6.995,0.6
6.985,0.60025
6.985,0.6005
6.9817,0.60075
6.9817,0.601
6.985,0.60125
6.985,0.6015
6.9883,0.60175
6.9883,0.602
6.9933,0.60225
6.9917,0.6025
6.995,0.60275
6.9933,0.603
6.995,0.60325
6.9967,0.6035
7.0017,0.60375
7.0017,0.604
7.005,0.60425
7,0.6045
7.0033,0.60475
7.0017,0.605
7.0083,0.60525
7.0083,0.6055
7.0233,0.60575
7.025,0.606
7.05,0.60625
7.05,0.6065
7.0683,0.60675
7.0683,0.607
7.0717,0.60725
7.0683,0.6075
7.0617,0.60775
7.06,0.608
7.0567,0.60825
7.0567,0.6085
7.0517,0.60875
7.0517,0.609
7.0483,0.60925
7.0483,0.6095
7.05,0.60975
7.05,0.61
7.0467,0.61025
7.0483,0.6105
7.045,0.61075
7.0467,0.611
7.05,0.61125
7.05,0.6115
7.0567,0.61175
7.0567,0.612
7.0583,0.61225
7.0583,0.6125
7.0617,0.61275
7.06,0.613
7.0617,0.61325
7.0583,0.6135
7.0617,0.61375
7.0617,0.614
7.0583,0.61425
7.0617,0.6145
7.0683,0.61475
7.0733,0.615
7.0667,0.61525
7.065,0.6155
7.025,0.61575
7.0217,0.616
6.94,0.61625
6.93,0.6165
6.945,0.61675
6.9467,0.617
7.0233,0.61725
7.0267,0.6175
7.0917,0.61775
7.095,0.618
7.1117,0.61825
7.1083,0.6185
7.095,0.61875
7.095,0.619
7.0833,0.61925
7.085,0.6195
7.075,0.61975
7.075,0.62
7.06,0.62025
7.06,0.6205
7.05,0.62075
7.05,0.621
7.0467,0.62125
7.0467,0.6215
7.05,0.62175
7.05,0.622
7.055,0.62225
7.055,0.6225
7.0533,0.62275
7.055,0.623
7.0517,0.62325
7.05,0.6235
7.0467,0.62375
7.045,0.624
7.05,0.62425
7.05,0.6245
7.0483,0.62475
7.05,0.625
7.0467,0.62525
7.0483,0.6255
7.0417,0.62575
7.0417,0.626
7.0383,0.62625
7.04,0.6265
7.0367,0.62675
7.0417,0.627
7.0433,0.62725
7.045,0.6275
7.05,0.62775
7.05,0.628
7.055,0.62825
7.0533,0.6285
7.0517,0.62875
7.0533,0.629
7.045,0.62925
7.045,0.6295
7.035,0.62975
7.035,0.63
7.025,0.63025
7.025,0.6305
7.0183,0.63075
7.0183,0.631
7.01,0.63125
7.01,0.6315
7.005,0.63175
7.005,0.632
7.0017,0.63225
7.0017,0.6325
7.0033,0.63275
7,0.633
7.0033,0.63325
7.0017,0.6335
7.0067,0.63375
7.005,0.634
7.015,0.63425
7.015,0.6345
7.0317,0.63475
7.0333,0.635
7.0467,0.63525
7.0483,0.6355
7.0583,0.63575
7.0583,0.636
7.05,0.63625
7.05,0.6365
7.0367,0.63675
7.0367,0.637
7.025,0.63725
7.025,0.6375
7.0183,0.63775
7.0183,0.638
7.015,0.63825
7.015,0.6385
7.0167,0.63875
7.0167,0.639
7.0133,0.63925
7.0133,0.6395
7.01,0.63975
7.0133,0.64
7.01,0.64025
7.01,0.6405
7.0067,0.64075
7.0083,0.641
7.01,0.64125
7.0083,0.6415
7.0117,0.64175
7.0133,0.642
7.01,0.64225
7.0133,0.6425
7.015,0.64275
7.015,0.643
7.0117,0.64325
7.0133,0.6435
7.0083,0.64375
7.01,0.644
7.005,0.64425
7.005,0.6445
6.9983,0.64475
6.9983,0.645
6.9717,0.64525
6.97,0.6455
6.9367,0.64575
6.9333,0.646
6.9633,0.64625
6.9667,0.6465
7.0383,0.64675
7.04,0.647
7.0533,0.64725
7.0483,0.6475
7.035,0.64775
7.0367,0.648
7.0417,0.64825
7.0417,0.6485
7.035,0.64875
7.035,0.649
7.0283,0.64925
7.0267,0.6495
7.01,0.64975
7.01,0.65
7.0033,0.65025
7.0017,0.6505
6.9967,0.65075
6.9967,0.651
7,0.65125
7,0.6515
7.0033,0.65175
7.0017,0.652
7.0067,0.65225
7.0067,0.6525
7.0167,0.65275
7.015,0.653
7.0183,0.65325
7.0167,0.6535
7.0217,0.65375
7.0217,0.654
7.0233,0.65425
7.0233,0.6545
7.0267,0.65475
7.0267,0.655
7.0383,0.65525
7.0383,0.6555
7.0483,0.65575
7.0483,0.656
7.0717,0.65625
7.075,0.6565
7.1117,0.65675
7.1117,0.657
6.9417,0.65725
6.9433,0.6575
6.9833,0.65775
6.985,0.658
7.025,0.65825
7.025,0.6585
7.055,0.65875
7.07,0.659
7.0333,0.65925
6.97,0.6595
7.04,0.65975
7.08,0.66
6.9033,0.66025
7.1567,0.6605
6.92,0.66075
6.92,0.661
6.8683,0.66125
6.8667,0.6615
6.9383,0.66175
6.9417,0.662
6.9767,0.66225
6.9767,0.6625
6.9717,0.66275
6.9717,0.663
6.9633,0.66325
6.9633,0.6635
6.955,0.66375
6.9567,0.664
6.9583,0.66425
6.96,0.6645
6.97,0.66475
6.9717,0.665
6.9833,0.66525
6.9833,0.6655
6.99,0.66575
6.99,0.666
6.9967,0.66625
6.9967,0.6665
7.0017,0.66675
7.0017,0.667
7.0033,0.66725
7.0033,0.6675
6.9967,0.66775
6.995,0.668
6.9917,0.66825
6.9933,0.6685
6.9967,0.66875
6.995,0.669
6.9967,0.66925
6.995,0.6695
6.9917,0.66975
6.9917,0.67
6.9867,0.67025
6.9867,0.6705
6.9833,0.67075
6.985,0.671
6.9783,0.67125
6.9783,0.6715
6.9717,0.67175
6.9717,0.672
6.9683,0.67225
6.9667,0.6725
6.9717,0.67275
6.9717,0.673
6.9783,0.67325
6.9783,0.6735
6.9833,0.67375
6.9833,0.674
6.985,0.67425
6.985,0.6745
6.9817,0.67475
6.9817,0.675
6.9817,0.67525
6.98,0.6755
6.985,0.67575
6.9833,0.676
6.9883,0.67625
6.9867,0.6765
6.995,0.67675
6.995,0.677
7,0.67725
7,0.6775
7.0017,0.67775
7.0017,0.678
7,0.67825
7,0.6785
6.99,0.67875
6.99,0.679
6.9767,0.67925
6.9767,0.6795
6.9667,0.67975
6.9667,0.68
6.9733,0.68025
6.9733,0.6805
6.9817,0.68075
6.985,0.681
6.98,0.68125
6.98,0.6815
6.9917,0.68175
6.9917,0.682
7.0033,0.68225
7.0033,0.6825
7.005,0.68275
7.0017,0.683
6.9967,0.68325
6.9983,0.6835
7.0017,0.68375
6.9983,0.684
7.01,0.68425
7.01,0.6845
7.0283,0.68475
7.03,0.685
7.05,0.68525
7.0517,0.6855
7.08,0.68575
7.0817,0.686
7.1433,0.68625
7.1433,0.6865
7.185,0.68675
7.1617,0.687
6.875,0.68725
6.8583,0.6875
6.875,0.68775
6.8733,0.688
6.9283,0.68825
6.9333,0.6885
7.03,0.68875
7.0333,0.689
7.0517,0.68925
7.0483,0.6895
7.0183,0.68975
7.0167,0.69
6.975,0.69025
6.9733,0.6905
6.9467,0.69075
6.945,0.691
6.9317,0.69125
6.9317,0.6915
6.9183,0.69175
6.9183,0.692
6.915,0.69225
6.915,0.6925
6.9233,0.69275
6.9217,0.693
6.9333,0.69325
6.935,0.6935
6.9467,0.69375
6.9483,0.694
6.9567,0.69425
6.9583,0.6945
6.9683,0.69475
6.9667,0.695
6.955,0.69525
6.955,0.6955
6.9483,0.69575
6.9483,0.696
6.9433,0.69625
6.9417,0.6965
6.9083,0.69675
6.905,0.697
6.8283,0.69725
6.825,0.6975
6.8117,0.69775
6.8233,0.698
6.9317,0.69825
6.935,0.6985
7.035,0.69875
7.04,0.699
7.085,0.69925
7.0867,0.6995
7.065,0.69975
7.0633,0.7
7.0217,0.70025
7.02,0.7005
6.99,0.70075
6.99,0.701
6.98,0.70125
6.9783,0.7015
6.975,0.70175
6.975,0.702
6.9733,0.70225
6.975,0.7025
6.9717,0.70275
6.9733,0.703
6.9783,0.70325
6.9767,0.7035
6.9817,0.70375
6.9817,0.704
6.9833,0.70425
6.9833,0.7045
6.9867,0.70475
6.9883,0.705
6.995,0.70525
6.9933,0.7055
6.9967,0.70575
6.9933,0.706
6.99,0.70625
6.99,0.7065
6.9917,0.70675
6.99,0.707
6.985,0.70725
6.985,0.7075
6.98,0.70775
6.98,0.708
6.9683,0.70825
6.9683,0.7085
6.9717,0.70875
6.9717,0.709
6.98,0.70925
6.9783,0.7095
6.9833,0.70975
6.9833,0.71
6.985,0.71025
6.9867,0.7105
6.9917,0.71075
6.9933,0.711
7.0017,0.71125
7.0017,0.7115
7.0033,0.71175
7.0017,0.712
6.9967,0.71225
6.995,0.7125
6.985,0.71275
6.9833,0.713
6.965,0.71325
6.965,0.7135
6.9583,0.71375
6.9583,0.714
6.9633,0.71425
6.9633,0.7145
6.975,0.71475
6.975,0.715
6.9833,0.71525
6.9833,0.7155
6.9733,0.71575
6.9733,0.716
6.9667,0.71625
6.9667,0.7165
6.9617,0.71675
6.9633,0.717
6.96,0.71725
6.96,0.7175
6.955,0.71775
6.9533,0.718
6.9567,0.71825
6.9567,0.7185
6.96,0.71875
6.96,0.719
6.9617,0.71925
6.9617,0.7195
6.9667,0.71975
6.9667,0.72
6.9717,0.72025
6.9717,0.7205
6.9783,0.72075
6.9783,0.721
6.9833,0.72125
6.9833,0.7215
6.99,0.72175
6.99,0.722
6.9983,0.72225
6.9983,0.7225
7.0133,0.72275
7.0133,0.723
7.0333,0.72325
7.035,0.7235
7.0433,0.72375
7.0417,0.724
7.0283,0.72425
7.0283,0.7245
7.0117,0.72475
7.0117,0.725
7.0017,0.72525
7.0017,0.7255
6.9933,0.72575
6.9933,0.726
6.9833,0.72625
6.9817,0.7265
6.9433,0.72675
6.9417,0.727
6.9217,0.72725
6.9233,0.7275
6.9883,0.72775
6.9917,0.728
7.0433,0.72825
7.0433,0.7285
7.0283,0.72875
7.0267,0.729
7.0167,0.72925
7.0183,0.7295
7.0167,0.72975
7.015,0.73
7.0033,0.73025
7.0033,0.7305
6.9917,0.73075
6.9917,0.731
6.9883,0.73125
6.9883,0.7315
6.9917,0.73175
6.99,0.732
6.9933,0.73225
6.99,0.7325
6.9917,0.73275
6.9917,0.733
6.9917,0.73325
6.9933,0.7335
6.99,0.73375
6.99,0.734
6.9933,0.73425
6.9917,0.7345
6.99,0.73475
6.9917,0.735
6.99,0.73525
6.9917,0.7355
6.995,0.73575
6.9933,0.736
6.995,0.73625
6.9933,0.7365
6.9883,0.73675
6.9883,0.737
6.9833,0.73725
6.985,0.7375
6.9817,0.73775
6.9817,0.738
6.985,0.73825
6.9833,0.7385
6.9867,0.73875
6.9867,0.739
6.99,0.73925
6.99,0.7395
6.995,0.73975
6.9933,0.74
6.9983,0.74025
6.9967,0.7405
6.9983,0.74075
6.9983,0.741
7.0033,0.74125
7.0033,0.7415
7.01,0.74175
7.01,0.742
7.015,0.74225
7.015,0.7425
7.0367,0.74275
7.04,0.743
7.1,0.74325
7.1017,0.7435
6.9433,0.74375
6.945,0.744
6.9817,0.74425
6.9833,0.7445
7.0067,0.74475
7.0067,0.745
7.0217,0.74525
7.0217,0.7455
7.0283,0.74575
7.0283,0.746
7.03,0.74625
7.0283,0.7465
7.035,0.74675
7.0367,0.747
7.0633,0.74725
7.065,0.7475
7.085,0.74775
7.0783,0.748
7.0083,0.74825
7.01,0.7485
7.1667,0.74875
7.0017,0.749
7.1867,0.74925
7.1967,0.7495
6.8733,0.74975
6.8867,0.75
6.8233,0.75025
7.1,0.7505
6.855,0.75075
6.9317,0.751
6.9333,0.75125
6.9633,0.7515
6.9633,0.75175
6.9733,0.752
6.9733,0.75225
6.975,0.7525
6.975,0.75275
6.97,0.753
6.97,0.75325
6.9767,0.7535
6.975,0.75375
6.9867,0.754
6.9883,0.75425
6.9983,0.7545
7,0.75475
7.0133,0.755
7.0133,0.75525
7.0267,0.7555
7.0283,0.75575
7.0367,0.756
7.0383,0.75625
7.0283,0.7565
7.0283,0.75675
7.01,0.757
7.0083,0.75725
7.0017,0.7575
7.0017,0.75775
7.005,0.758
7.0033,0.75825
7.0083,0.7585
7.0083,0.75875
7.0033,0.759
7.0033,0.75925
6.9967,0.7595
6.9983,0.75975
6.9883,0.76
6.9867,0.76025
6.9933,0.7605
6.9917,0.76075
6.9667,0.761
6.965,0.76125
6.9117,0.7615
6.92,0.76175
7.0067,0.762
7.0117,0.76225
7.0717,0.7625
7.075,0.76275
7.0683,0.763
7.0683,0.76325
7.045,0.7635
7.045,0.76375
7.0317,0.764
7.0317,0.76425
7.0283,0.7645
7.0317,0.76475
7.0333,0.765
7.0333,0.76525
7.0417,0.7655
7.04,0.76575
7.0433,0.766
7.0417,0.76625
7.0433,0.7665
7.0417,0.76675
7.04,0.767
7.04,0.76725
7.0317,0.7675
7.0317,0.76775
7.0183,0.768
7.0167,0.76825
7.01,0.7685
7.01,0.76875
7.0033,0.769
7.0033,0.76925
7.0067,0.7695
7.005,0.76975
7.0083,0.77
7.0067,0.77025
7.0017,0.7705
7.0017,0.77075
6.9983,0.771
7,0.77125
6.99,0.7715
6.9917,0.77175
6.985,0.772
6.9867,0.77225
6.985,0.7725
6.985,0.77275
6.98,0.773
6.98,0.77325
6.9783,0.7735
6.98,0.77375
6.99,0.774
6.99,0.77425
7.0067,0.7745
7.0067,0.77475
7.02,0.775
7.02,0.77525
7.035,0.7755
7.035,0.77575
7.04,0.776
7.0383,0.77625
7.035,0.7765
7.0367,0.77675
7.0267,0.777
7.025,0.77725
7.0167,0.7775
7.0133,0.77775
7.025,0.778
7.0267,0.77825
7.0417,0.7785
7.0417,0.77875
7.0517,0.779
7.0517,0.77925
7.0567,0.7795
7.0567,0.77975
7.05,0.78
7.05,0.78025
7.0367,0.7805
7.035,0.78075
7.0167,0.781
7.015,0.78125
6.99,0.7815
6.9883,0.78175
6.95,0.782
6.9483,0.78225
6.88,0.7825
6.8767,0.78275
6.835,0.783
6.8333,0.78325
6.9267,0.7835
6.9333,0.78375
7.0483,0.784
7.0517,0.78425
7.105,0.7845
7.105,0.78475
7.0717,0.785
7.0683,0.78525
7.0267,0.7855
7.025,0.78575
6.995,0.786
6.9933,0.78625
6.975,0.7865
6.9733,0.78675
6.9617,0.787
6.96,0.78725
6.965,0.7875
6.965,0.78775
6.9617,0.788
6.9617,0.78825
6.975,0.7885
6.9767,0.78875
6.99,0.789
6.9917,0.78925
7,0.7895
6.9983,0.78975
7.005,0.79
7.005,0.79025
7.0083,0.7905
7.01,0.79075
7.0167,0.791
7.0167,0.79125
7.0333,0.7915
7.035,0.79175
7.06,0.792
7.0617,0.79225
7.1083,0.7925
7.11,0.79275
7.18,0.793
7.1817,0.79325
7.215,0.7935
7.1833,0.79375
6.9083,0.794
6.895,0.79425
6.9383,0.7945
6.9433,0.79475
6.99,0.795
6.995,0.79525
7.0667,0.7955
7.0733,0.79575
7.065,0.796
7.0633,0.79625
7.02,0.7965
7.0183,0.79675
6.9783,0.797
6.9767,0.79725
6.9483,0.7975
6.9483,0.79775
6.93,0.798
6.9283,0.79825
6.9117,0.7985
6.9117,0.79875
6.9017,0.799
6.9017,0.79925
6.8917,0.7995
6.8917,0.79975
6.8883,0.8
6.8917,0.80025
6.9033,0.8005
6.9033,0.80075
6.915,0.801
6.915,0.80125
6.9267,0.8015
6.9267,0.80175
6.9333,0.802
6.9333,0.80225
6.9383,0.8025
6.9383,0.80275
6.9417,0.803
6.9417,0.80325
6.9367,0.8035
6.9367,0.80375
6.94,0.804
6.94,0.80425
6.9433,0.8045
6.9433,0.80475
6.955,0.805
6.9533,0.80525
6.96,0.8055
6.96,0.80575
6.97,0.806
6.97,0.80625
6.985,0.8065
6.985,0.80675
7,0.807
7.0017,0.80725
7.015,0.8075
7.015,0.80775
7.02,0.808
7.0183,0.80825
7.0217,0.8085
7.02,0.80875
7.015,0.809
7.015,0.80925
7.0083,0.8095
7.0083,0.80975
7.005,0.81
7.0033,0.81025
7.0083,0.8105
7.0083,0.81075
7.02,0.811
7.0217,0.81125
7.0367,0.8115
7.0367,0.81175
7.0433,0.812
7.0417,0.81225
7.035,0.8125
7.0333,0.81275
7.0083,0.813
7.0067,0.81325
6.975,0.8135
6.9733,0.81375
6.955,0.814
6.9533,0.81425
6.96,0.8145
6.9617,0.81475
6.9767,0.815
6.9783,0.81525
6.99,0.8155
6.99,0.81575
6.9967,0.816
6.9967,0.81625
7,0.8165
6.9983,0.81675
7.0017,0.817
7.0017,0.81725
6.9967,0.8175
6.9983,0.81775
6.9917,0.818
6.9917,0.81825
6.99,0.8185
6.9883,0.81875
6.9833,0.819
6.9833,0.81925
6.985,0.8195
6.985,0.81975
6.99,0.82
6.9883,0.82025
6.995,0.8205
6.9933,0.82075
6.9967,0.821
6.9967,0.82125
6.9933,0.8215
6.9917,0.82175
6.9817,0.822
6.9817,0.82225
6.9733,0.8225
6.9717,0.82275
6.975,0.823
6.9733,0.82325
6.9767,0.8235
6.9767,0.82375
6.9817,0.824
6.9833,0.82425
6.99,0.8245
6.9933,0.82475
6.9883,0.825
6.9867,0.82525
6.9517,0.8255
6.95,0.82575
6.9083,0.826
6.8983,0.82625
6.9267,0.8265
6.93,0.82675
7.005,0.827
7.0067,0.82725
7.0183,0.8275
7.0117,0.82775
6.9967,0.828
6.9983,0.82825
7.0033,0.8285
7.0067,0.82875
7,0.829
6.9983,0.82925
6.995,0.8295
6.995,0.82975
6.9833,0.83
6.985,0.83025
6.9917,0.8305
6.9917,0.83075
7.0033,0.831
7.0033,0.83125
7.0167,0.8315
7.0167,0.83175
7.0267,0.832
7.0267,0.83225
7.025,0.8325
7.0267,0.83275
7.03,0.833
7.0317,0.83325
7.0217,0.8335
7.0217,0.83375
7.015,0.834
7.015,0.83425
7.0233,0.8345
7.025,0.83475
7.035,0.835
7.0367,0.83525
7.065,0.8355
7.0667,0.83575
7.1,0.836
7.1017,0.83625
7.0567,0.8365
7.055,0.83675
7.18,0.837
6.985,0.83725
7.1533,0.8375
7.1617,0.83775
6.8517,0.838
6.9083,0.83825
6.8733,0.8385
6.905,0.83875
6.7983,0.839
6.825,0.83925
6.9,0.8395
6.9017,0.83975
6.945,0.84
6.9467,0.84025
6.9667,0.8405
6.9667,0.84075
6.9717,0.841
6.9717,0.84125
6.9767,0.8415
6.975,0.84175
6.9783,0.842
6.9783,0.84225
6.9767,0.8425
6.9767,0.84275
6.99,0.843
6.99,0.84325
6.9983,0.8435
6.9983,0.84375
7,0.844
7,0.84425
6.9917,0.8445
6.9917,0.84475
6.9817,0.845
6.9817,0.84525
6.9767,0.8455
6.9767,0.84575
6.975,0.846
6.9767,0.84625
6.9833,0.8465
6.985,0.84675
6.995,0.847
6.995,0.84725
7.0017,0.8475
7.0033,0.84775
7.0083,0.848
7.005,0.84825
7.0083,0.8485
7.0067,0.84875
7.01,0.849
7.01,0.84925
7.0083,0.8495
7.0083,0.84975
7.0033,0.85
7.0033,0.85025
7.0017,0.8505
7.0017,0.85075
7.01,0.851
7.0117,0.85125
7.015,0.8515
7.015,0.85175
7.0133,0.852
7.0133,0.85225
7.005,0.8525
7.0033,0.85275
6.9967,0.853
6.9967,0.85325
6.9933,0.8535
6.995,0.85375
6.9917,0.854
6.9933,0.85425
6.9967,0.8545
6.9967,0.85475
7.0033,0.855
7.0017,0.85525
7.01,0.8555
7.01,0.85575
7.025,0.856
7.025,0.85625
7.0317,0.8565
7.03,0.85675
7.0233,0.857
7.0233,0.85725
7.02,0.8575
7.0217,0.85775
7.025,0.858
7.0233,0.85825
7.025,0.8585
7.0233,0.85875
7.02,0.859
7.02,0.85925
7.0117,0.8595
7.0133,0.85975
7.0083,0.86
7.0083,0.86025
7.005,0.8605
7.005,0.86075
7.0083,0.861
7.0083,0.86125
7.0017,0.8615
7,0.86175
6.96,0.862
6.9567,0.86225
6.8767,0.8625
6.8733,0.86275
6.8683,0.863
6.875,0.86325
6.9667,0.8635
6.97,0.86375
7.025,0.864
7.0267,0.86425
7.0417,0.8645
7.0383,0.86475
7.0083,0.865
7.0067,0.86525
6.935,0.8655
6.9283,0.86575
6.985,0.866
6.9883,0.86625
7.0717,0.8665
7.075,0.86675
7.095,0.867
7.0917,0.86725
7.0583,0.8675
7.0567,0.86775
7.0333,0.868
7.0333,0.86825
7.03,0.8685
7.0283,0.86875
7.0333,0.869
7.035,0.86925
7.0417,0.8695
7.0417,0.86975
7.0383,0.87
7.04,0.87025
7.035,0.8705
7.035,0.87075
7.0333,0.871
7.0333,0.87125
7.0283,0.8715
7.0283,0.87175
7.0183,0.872
7.0183,0.87225
7.01,0.8725
7.0083,0.87275
7.005,0.873
7.0067,0.87325
7.01,0.8735
7.0083,0.87375
7.0133,0.874
7.0133,0.87425
7.0117,0.8745
7.0133,0.87475
7.015,0.875
7.015,0.87525
7.0133,0.8755
7.015,0.87575
7.0183,0.876
7.0167,0.87625
7.0183,0.8765
7.0183,0.87675
7.015,0.877
7.015,0.87725
7.0183,0.8775
7.0167,0.87775
7.02,0.878
7.02,0.87825
7.0167,0.8785
7.0167,0.87875
7.02,0.879
7.0183,0.87925
7.0167,0.8795
7.0183,0.87975
7.0167,0.88
7.0183,0.88025
7.0133,0.8805
7.0133,0.88075
7.01,0.881
7.01,0.88125
7.0067,0.8815
7.0083,0.88175
7.0067,0.882
7.0067,0.88225
7.005,0.8825
7.005,0.88275
7.0083,0.883
7.0083,0.88325
7.0067,0.8835
7.0067,0.88375
7.005,0.884
7.005,0.88425
7.01,0.8845
7.01,0.88475
7.0083,0.885
7.0083,0.88525
7.0067,0.8855
7.0083,0.88575
7.005,0.886
7.005,0.88625
7.01,0.8865
7.01,0.88675
7.0133,0.887
7.015,0.88725
7.0133,0.8875
7.015,0.88775
7.0167,0.888
7.015,0.88825
7.0083,0.8885
7.0083,0.88875
7.0017,0.889
7,0.88925
6.9933,0.8895
6.9917,0.88975
6.9867,0.89
6.99,0.89025
6.9867,0.8905
6.9867,0.89075
6.985,0.891
6.9867,0.89125
6.985,0.8915
6.9867,0.89175
6.985,0.892
6.9883,0.89225
6.985,0.8925
6.9867,0.89275
6.9833,0.893
6.9833,0.89325
6.9867,0.8935
6.985,0.89375
6.9933,0.894
6.9933,0.89425
6.9983,0.8945
6.9983,0.89475
7.0117,0.895
7.0117,0.89525
7.0183,0.8955
7.0167,0.89575
7.02,0.896
7.02,0.89625
7.0233,0.8965
7.0217,0.89675
7.0167,0.897
7.0183,0.89725
7.0117,0.8975
7.0117,0.89775
7.02,0.898
7.02,0.89825
7.0283,0.8985
7.0267,0.89875
7.04,0.899
7.0383,0.89925
7.0417,0.8995
7.04,0.89975
7.035,0.9
7.035,0.90025
7.025,0.9005
7.025,0.90075
7.0233,0.901
7.0233,0.90125
7.035,0.9015
7.035,0.90175
7.0417,0.902
7.0417,0.90225
7.045,0.9025
7.0433,0.90275
7.0517,0.903
7.0517,0.90325
7.06,0.9035
7.0617,0.90375
7.08,0.904
7.08,0.90425
7.105,0.9045
7.1067,0.90475
7.14,0.905
7.1417,0.90525
7.195,0.9055
7.1983,0.90575
7.2567,0.906
7.2567,0.90625
7.0267,0.9065
7.0133,0.90675
6.925,0.907
6.9667,0.90725
6.9433,0.9075
6.965,0.90775
7.06,0.908
7.0633,0.90825
7.0817,0.9085
7.0767,0.90875
7.0283,0.909
7.0267,0.90925
6.9717,0.9095
6.9683,0.90975
6.9267,0.91
6.925,0.91025
6.8967,0.9105
6.895,0.91075
6.8867,0.911
6.8867,0.91125
6.8967,0.9115
6.8983,0.91175
6.9117,0.912
6.9117,0.91225
6.8933,0.9125
6.8917,0.91275
6.8667,0.913
6.865,0.91325
6.91,0.9135
6.9133,0.91375
6.9867,0.914
6.9883,0.91425
7.0017,0.9145
6.9983,0.91475
7.0017,0.915
7.0033,0.91525
7.0233,0.9155
7.0267,0.91575
7.0217,0.916
7.0217,0.91625
7.015,0.9165
7.0133,0.91675
7.0067,0.917
7.0067,0.91725
7.005,0.9175
7.0067,0.91775
7.0083,0.918
7.0083,0.91825
7.01,0.9185
7.01,0.91875
7.0117,0.919
7.0117,0.91925
7.0133,0.9195
7.0133,0.91975
7.0183,0.92
7.0167,0.92025
7.025,0.9205
7.0233,0.92075
7.0267,0.921
7.0267,0.92125
7.0283,0.9215
7.0283,0.92175
7.025,0.922
7.0267,0.92225
7.0233,0.9225
7.025,0.92275
7.015,0.923
7.015,0.92325
7.0017,0.9235
7.0017,0.92375
6.995,0.924
6.9967,0.92425
7,0.9245
7.0017,0.92475
7.0083,0.925
7.0083,0.92525
7.0117,0.9255
7.01,0.92575
7,0.926
7,0.92625
6.9933,0.9265
6.9917,0.92675
6.9883,0.927
6.99,0.92725
6.9933,0.9275
6.9917,0.92775
6.995,0.928
6.995,0.92825
6.9933,0.9285
6.9967,0.92875
7.005,0.929
7.0067,0.92925
7.0183,0.9295
7.02,0.92975
7.0367,0.93
7.0383,0.93025
7.0633,0.9305
7.065,0.93075
7.1067,0.931
7.11,0.93125
7.145,0.9315
7.1517,0.93175
7.1,0.932
7.1133,0.93225
7.3233,0.9325
7.1683,0.93275
7.0333,0.933
7.0417,0.93325
6.8067,0.9335
6.7833,0.93375
6.8467,0.934
6.8517,0.93425
6.9267,0.9345
6.9283,0.93475
6.9483,0.935
6.9483,0.93525
6.9567,0.9355
6.9567,0.93575
6.965,0.936
6.9617,0.93625
6.9683,0.9365
6.9683,0.93675
6.965,0.937
6.9667,0.93725
6.9633,0.9375
6.965,0.93775
6.9717,0.938
6.9717,0.93825
6.9817,0.9385
6.9833,0.93875
6.9967,0.939
6.9967,0.93925
7.0067,0.9395
7.0083,0.93975
7.0117,0.94
7.01,0.94025
7.0033,0.9405
7.0033,0.94075
7,0.941
7.0033,0.94125
7.01,0.9415
7.01,0.94175
7.0167,0.942
7.0167,0.94225
7.0117,0.9425
7.0117,0.94275
7.0083,0.943
7.0083,0.94325
7.0033,0.9435
7.0033,0.94375
6.9983,0.944
6.9983,0.94425
6.99,0.9445
6.9883,0.94475
6.985,0.945
6.985,0.94525
6.9867,0.9455
6.9867,0.94575
6.9883,0.946
6.9867,0.94625
6.9817,0.9465
6.9817,0.94675
6.9833,0.947
6.9833,0.94725
6.9883,0.9475
6.9883,0.94775
6.9917,0.948
6.99,0.94825
6.9917,0.9485
6.99,0.94875
6.9917,0.949
6.9917,0.94925
6.9967,0.9495
6.9967,0.94975
7.0017,0.95
7,0.95025
7.005,0.9505
7.005,0.95075
7,0.951
6.9983,0.95125
6.9467,0.9515
6.945,0.95175
6.8667,0.952
6.8617,0.95225
6.895,0.9525
6.9,0.95275
7.0017,0.953
7.005,0.95325
7.075,0.9535
7.0833,0.95375
7.0717,0.954
7.07,0.95425
7.0417,0.9545
7.0417,0.95475
7.025,0.955
7.025,0.95525
7.0183,0.9555
7.0183,0.95575
7.01,0.956
7.0083,0.95625
6.9983,0.9565
6.9983,0.95675
6.9883,0.957
6.9883,0.95725
6.995,0.9575
6.995,0.95775
7.0183,0.958
7.02,0.95825
7.0367,0.9585
7.0367,0.95875
7.03,0.959
7.0283,0.95925
7.0167,0.9595
7.0167,0.95975
6.9917,0.96
6.9883,0.96025
6.9583,0.9605
6.9567,0.96075
6.9383,0.961
6.9367,0.96125
6.9433,0.9615
6.945,0.96175
6.955,0.962
6.955,0.96225
6.965,0.9625
6.965,0.96275
6.9667,0.963
6.965,0.96325
6.9667,0.9635
6.9667,0.96375
6.9683,0.964
6.9667,0.96425
6.96,0.9645
6.9617,0.96475
6.9567,0.965
6.955,0.96525
6.9617,0.9655
6.9633,0.96575
6.9483,0.966
6.945,0.96625
6.8867,0.9665
6.8917,0.96675
6.9467,0.967
6.9517,0.96725
7.0267,0.9675
7.0283,0.96775
7.0433,0.968
7.0417,0.96825
7.035,0.9685
7.0333,0.96875
7.025,0.969
7.025,0.96925
7.0217,0.9695
7.0233,0.96975
7.0167,0.97
7.0183,0.97025
7.0117,0.9705
7.0117,0.97075
7.005,0.971
7.0033,0.97125
7,0.9715
7,0.97175
6.9917,0.972
6.9917,0.97225
6.9867,0.9725
6.985,0.97275
6.98,0.973
6.9817,0.97325
6.975,0.9735
6.975,0.97375
6.9733,0.974
6.975,0.97425
6.9717,0.9745
6.9717,0.97475
6.965,0.975
6.965,0.97525
6.9617,0.9755
6.9633,0.97575
6.9617,0.976
6.9617,0.97625
6.9633,0.9765
6.9633,0.97675
6.9717,0.977
6.9717,0.97725
6.9817,0.9775
6.9817,0.97775
6.9933,0.978
6.9933,0.97825
7,0.9785
6.9983,0.97875
6.9933,0.979
6.9933,0.97925
6.995,0.9795
6.9933,0.97975
6.9883,0.98
6.99,0.98025
6.9883,0.9805
6.99,0.98075
6.985,0.981
6.985,0.98125
6.9767,0.9815
6.9767,0.98175
6.9667,0.982
6.9667,0.98225
6.9633,0.9825
6.9633,0.98275
6.9617,0.983
6.9633,0.98325
6.97,0.9835
6.9683,0.98375
6.975,0.984
6.975,0.98425
6.9783,0.9845
6.9767,0.98475
6.9833,0.985
6.9817,0.98525
6.985,0.9855
6.9833,0.98575
6.9883,0.986
6.9883,0.98625
6.995,0.9865
6.995,0.98675
6.9983,0.987
6.9983,0.98725
6.9817,0.9875
6.98,0.98775
6.9433,0.988
6.9333,0.98825
6.9617,0.9885
6.965,0.98875
7.0517,0.989
7.055,0.98925
7.0667,0.9895
7.0617,0.98975
7.0433,0.99
7.0433,0.99025
7.0283,0.9905
7.0283,0.99075
7.0067,0.991
7.0067,0.99125
6.9983,0.9915
6.9967,0.99175
6.9883,0.992
6.985,0.99225
6.99,0.9925
6.99,0.99275
7,0.993
7,0.99325
7.01,0.9935
7.01,0.99375
7.0283,0.994
7.03,0.99425
7.05,0.9945
7.05,0.99475
7.0867,0.995
7.0883,0.99525
7.1533,0.9955
7.1567,0.99575
7.2167,0.996
7.215,0.99625
6.9567,0.9965
6.95,0.99675
6.9,0.997
6.9117,0.99725
6.96,0.9975
6.9667,0.99775
7.07,0.998
7.0733,0.99825
7.095,0.9985
7.09,0.99875
7.045,0.999
7.0417,0.99925
6.9833,0.9995
6.9817,0.99975
6.9383,1
6.9367,1.00025
6.9217,1.0005
7.1,1.00075
6.92,1.001
6.9133,1.00125
6.915,1.0015
6.9183,1.00175
6.9183,1.002
6.9133,1.00225
6.9117,1.0025
6.9083,1.00275
6.91,1.003
6.9117,1.00325
6.9117,1.0035
6.9283,1.00375
6.93,1.004
6.9517,1.00425
6.9517,1.0045
6.9633,1.00475
6.9633,1.005
6.96,1.00525
6.96,1.0055
6.9617,1.00575
6.9617,1.006
6.9683,1.00625
6.97,1.0065
6.9783,1.00675
6.9783,1.007
6.9867,1.00725
6.9867,1.0075
6.995,1.00775
6.9967,1.008
7.0083,1.00825
7.0083,1.0085
7.02,1.00875
7.02,1.009
7.0333,1.00925
7.0333,1.0095
7.0417,1.00975
7.04,1.01
7.0233,1.01025
7.0233,1.0105
6.9933,1.01075
6.9933,1.011
6.9767,1.01125
6.9733,1.0115
6.9783,1.01175
6.98,1.012
7,1.01225
7,1.0125
7.0167,1.01275
7.0167,1.013
7.0333,1.01325
7.035,1.0135
7.0683,1.01375
7.0683,1.014
7.095,1.01425
7.0917,1.0145
7.04,1.01475
7.16,1.015
6.995,1.01525
6.9733,1.0155
7.1717,1.01575
7.1267,1.016
6.8517,1.01625
6.865,1.0165
6.8067,1.01675
6.8567,1.017
6.9317,1.01725
6.9333,1.0175
6.9583,1.01775
6.96,1.018
6.9667,1.01825
6.9667,1.0185
6.97,1.01875
6.9683,1.019
6.9733,1.01925
6.9717,1.0195
6.9767,1.01975
6.9767,1.02
6.98,1.02025
6.9783,1.0205
6.985,1.02075
6.9833,1.021
6.9867,1.02125
6.985,1.0215
6.9883,1.02175
6.9867,1.022
6.9883,1.02225
6.9883,1.0225
6.99,1.02275
6.9917,1.023
6.9883,1.02325
6.99,1.0235
6.995,1.02375
6.9933,1.024
6.9983,1.02425
6.9967,1.0245
7.0017,1.02475
7.0017,1.025
7.01,1.02525
7.0117,1.0255
7.02,1.02575
7.02,1.026
7.025,1.02625
7.025,1.0265
7.0217,1.02675
7.0217,1.027
7.0067,1.02725
7.0067,1.0275
6.9983,1.02775
6.9967,1.028
7,1.02825
6.9983,1.0285
6.995,1.02875
6.995,1.029
6.9917,1.02925
6.9933,1.0295
6.9917,1.02975
6.9933,1.03
6.9883,1.03025
6.9883,1.0305
6.995,1.03075
6.995,1.031
7.005,1.03125
7.005,1.0315
7.01,1.03175
7.0067,1.032
6.9733,1.03225
6.97,1.0325
6.9117,1.03275
6.9083,1.033
6.9317,1.03325
6.935,1.0335
7.045,1.03375
7.0483,1.034
7.145,1.03425
7.1483,1.0345
7.2017,1.03475
7.205,1.035
7.02,1.03525
7.01,1.0355
7.0233,1.03575
7.0233,1.036
7.0433,1.03625
7.0433,1.0365
7.05,1.03675
7.05,1.037
7.045,1.03725
7.045,1.0375
7.0383,1.03775
7.0383,1.038
7.0367,1.03825
7.0367,1.0385
7.0333,1.03875
7.0333,1.039
7.0367,1.03925
7.035,1.0395
7.0333,1.03975
7.0333,1.04
7.03,1.04025
7.03,1.0405
7.0267,1.04075
7.0283,1.041
7.0217,1.04125
7.025,1.0415
7.02,1.04175
7.0217,1.042
7.015,1.04225
7.0167,1.0425
7.0117,1.04275
7.015,1.043
7.01,1.04325
7.01,1.0435
7.0067,1.04375
7.01,1.044
7.0067,1.04425
7.0067,1.0445
7.0033,1.04475
7.0033,1.045
7.0017,1.04525
7.0033,1.0455
7.0017,1.04575
7.0017,1.046
6.9983,1.04625
7.0017,1.0465
7,1.04675
7.0017,1.047
6.9983,1.04725
7,1.0475
6.99,1.04775
6.99,1.048
6.98,1.04825
6.98,1.0485
6.9767,1.04875
6.9783,1.049
6.985,1.04925
6.985,1.0495
7,1.04975
7.0017,1.05
7.0267,1.05025
7.0283,1.0505
7.0367,1.05075
7.0383,1.051
7.0417,1.05125
7.0417,1.0515
7.0383,1.05175
7.04,1.052
7.0333,1.05225
7.035,1.0525
7.0317,1.05275
7.0333,1.053
7.0283,1.05325
7.0283,1.0535
7.025,1.05375
7.0267,1.054
7.0217,1.05425
7.0217,1.0545
7.025,1.05475
7.025,1.055
7.0283,1.05525
7.0283,1.0555
7.0267,1.05575
7.0267,1.056
7.0283,1.05625
7.0283,1.0565
7.0267,1.05675
7.0267,1.057
7.0167,1.05725
7.0167,1.0575
7.0083,1.05775
7.0067,1.058
6.9933,1.05825
6.9933,1.0585
6.9817,1.05875
6.98,1.059
6.9717,1.05925
6.97,1.0595
6.9667,1.05975
6.9667,1.06
6.9633,1.06025
6.965,1.0605
6.97,1.06075
6.97,1.061
6.9733,1.06125
6.9733,1.0615
6.9767,1.06175
6.975,1.062
6.9783,1.06225
6.9767,1.0625
6.98,1.06275
6.9783,1.063
6.9817,1.06325
6.98,1.0635
6.975,1.06375
6.975,1.064
6.9667,1.06425
6.9683,1.0645
6.965,1.06475
6.9683,1.065
6.97,1.06525
6.97,1.0655
6.9767,1.06575
6.975,1.066
6.9717,1.06625
6.97,1.0665
6.9733,1.06675
6.9717,1.067
6.9767,1.06725
6.975,1.0675
6.98,1.06775
6.98,1.068
6.9833,1.06825
6.9817,1.0685
6.9833,1.06875
6.98,1.069
6.975,1.06925
6.975,1.0695
6.9717,1.06975
6.9733,1.07
6.9767,1.07025
6.975,1.0705
6.9817,1.07075
6.9817,1.071
6.9883,1.07125
6.9883,1.0715
6.99,1.07175
6.9883,1.072
6.995,1.07225
6.9917,1.0725
6.995,1.07275
6.9917,1.073
6.995,1.07325
6.9933,1.0735
6.9983,1.07375
6.9983,1.074
7.0017,1.07425
7,1.0745
6.9983,1.07475
7,1.075
6.995,1.07525
6.995,1.0755
6.9917,1.07575
6.9917,1.076
6.9867,1.07625
6.9867,1.0765
6.9883,1.07675
6.9883,1.077
6.985,1.07725
6.9867,1.0775
6.9833,1.07775
6.9833,1.078
6.9783,1.07825
6.9783,1.0785
6.9717,1.07875
6.9717,1.079
6.9683,1.07925
6.97,1.0795
6.9733,1.07975
6.9717,1.08
6.9733,1.08025
6.9733,1.0805
6.9767,1.08075
6.975,1.081
6.9717,1.08125
6.9717,1.0815
6.9667,1.08175
6.9683,1.082
6.97,1.08225
6.97,1.0825
6.965,1.08275
6.965,1.083
6.9567,1.08325
6.9567,1.0835
6.9417,1.08375
6.9417,1.084
6.9333,1.08425
6.9383,1.0845
6.9267,1.08475
6.9233,1.085
6.8633,1.08525
6.865,1.0855
6.9317,1.08575
6.935,1.086
6.9833,1.08625
6.9833,1.0865
6.9883,1.08675
6.99,1.087
7.0433,1.08725
7.045,1.0875
7.055,1.08775
7.0433,1.088
7.0117,1.08825
7.0117,1.0885
7.0033,1.08875
7.0067,1.089
6.995,1.08925
6.995,1.0895
6.9783,1.08975
6.9783,1.09
6.9567,1.09025
6.9567,1.0905
6.945,1.09075
6.945,1.091
6.935,1.09125
6.935,1.0915
6.9233,1.09175
6.9233,1.092
6.9283,1.09225
6.9283,1.0925
6.9383,1.09275
6.9383,1.093
6.9517,1.09325
6.9517,1.0935
6.9583,1.09375
6.9583,1.094
6.955,1.09425
6.9583,1.0945
6.96,1.09475
6.96,1.095
6.9583,1.09525
6.96,1.0955
6.955,1.09575
6.9567,1.096
6.9533,1.09625
6.9533,1.0965
6.945,1.09675
6.945,1.097
6.9383,1.09725
6.9367,1.0975
6.925,1.09775
6.925,1.098
6.9167,1.09825
6.9167,1.0985
6.92,1.09875
6.92,1.099
6.9267,1.09925
6.9267,1.0995
6.93,1.09975
6.93,1.1
6.94,1.10025
6.94,1.1005
6.9567,1.10075
6.9583,1.101
6.9817,1.10125
6.9817,1.1015
7.0017,1.10175
7.005,1.102
6.9983,1.10225
6.9983,1.1025
7,1.10275
7,1.103
6.9933,1.10325
6.9933,1.1035
6.9833,1.10375
6.9833,1.104
6.96,1.10425
6.96,1.1045
6.9517,1.10475
6.9517,1.105
6.96,1.10525
6.96,1.1055
6.9783,1.10575
6.9783,1.106
6.9933,1.10625
6.9933,1.1065
7.0083,1.10675
7.0083,1.107
7.035,1.10725
7.0367,1.1075
7.0633,1.10775
7.065,1.108
7.0017,1.10825
6.9717,1.1085
7.175,1.10875
7.1783,1.109
6.9983,1.10925
7.2283,1.1095
6.8433,1.10975
6.8483,1.11
6.7683,1.11025
6.7767,1.1105
6.8817,1.11075
6.885,1.111
6.9483,1.11125
6.95,1.1115
6.98,1.11175
6.9833,1.112
6.9767,1.11225
6.9767,1.1125
6.9517,1.11275
6.9517,1.113
6.93,1.11325
6.93,1.1135
6.92,1.11375
6.9267,1.114
6.9483,1.11425
6.95,1.1145
6.9683,1.11475
6.9683,1.115
6.9783,1.11525
6.9783,1.1155
6.9383,1.11575
6.935,1.116
6.8617,1.11625
6.8583,1.1165
6.8833,1.11675
6.8867,1.117
7.0183,1.11725
7.0233,1.1175
7.1333,1.11775
7.1367,1.118
7.2017,1.11825
7.1917,1.1185
7.2133,1.11875
7.2083,1.119
6.9267,1.11925
6.88,1.1195
6.96,1.11975
6.9633,1.12
7.0183,1.12025
7.02,1.1205
7.07,1.12075
7.0783,1.121
7.0683,1.12125
7.0667,1.1215
7.0167,1.12175
7.015,1.122
6.9633,1.12225
6.9617,1.1225
6.9233,1.12275
6.9217,1.123
6.9033,1.12325
6.9033,1.1235
6.895,1.12375
6.8967,1.124
6.9017,1.12425
6.9017,1.1245
6.9133,1.12475
6.915,1.125
6.9217,1.12525
6.9217,1.1255
6.925,1.12575
6.925,1.126
6.9317,1.12625
6.9333,1.1265
6.9383,1.12675
6.9383,1.127
6.95,1.12725
6.95,1.1275
6.9567,1.12775
6.955,1.128
6.95,1.12825
6.9483,1.1285
6.9333,1.12875
6.9317,1.129
6.9267,1.12925
6.9267,1.1295
6.9233,1.12975
6.9233,1.13
6.92,1.13025
6.9217,1.1305
6.9317,1.13075
6.9317,1.131
6.9417,1.13125
6.9417,1.1315
6.95,1.13175
6.95,1.132
6.9583,1.13225
6.9583,1.1325
6.9667,1.13275
6.9667,1.133
6.9767,1.13325
6.9767,1.1335
6.9867,1.13375
6.9867,1.134
6.995,1.13425
6.995,1.1345
7.0067,1.13475
7.0067,1.135
7.0133,1.13525
7.015,1.1355
7.0467,1.13575
7.05,1.136
7.1133,1.13625
7.1083,1.1365
6.925,1.13675
6.9283,1.137
6.9667,1.13725
6.97,1.1375
6.9983,1.13775
7,1.138
7.0183,1.13825
7.0167,1.1385
7.02,1.13875
7.02,1.139
7.0167,1.13925
7.015,1.1395
7.0033,1.13975
7.0033,1.14
6.9967,1.14025
6.9983,1.1405
6.9933,1.14075
6.995,1.141
7,1.14125
7,1.1415
7.0217,1.14175
7.0233,1.142
7.0167,1.14225
7.015,1.1425
7.005,1.14275
7.0033,1.143
6.9883,1.14325
6.9867,1.1435
6.9767,1.14375
6.975,1.144
6.9683,1.14425
6.9683,1.1445
6.9667,1.14475
6.9667,1.145
6.9683,1.14525
6.9683,1.1455
6.965,1.14575
6.9683,1.146
6.965,1.14625
6.9667,1.1465
6.965,1.14675
6.9667,1.147
6.9717,1.14725
6.9717,1.1475
6.9833,1.14775
6.9833,1.148
6.9933,1.14825
6.995,1.1485
7.0033,1.14875
7.005,1.149
7.0017,1.14925
7.0017,1.1495
6.995,1.14975
6.9967,1.15
6.995,1.15025
6.9967,1.1505
7.0017,1.15075
7,1.151
7.005,1.15125
7.0033,1.1515
7.0067,1.15175
7.0033,1.152
7.0067,1.15225
7.0017,1.1525
7.005,1.15275
7.0033,1.153
7.0083,1.15325
7.005,1.1535
7.0083,1.15375
7.005,1.154
7.0083,1.15425
7.005,1.1545
7.0067,1.15475
7.005,1.155
7.0033,1.15525
7.0033,1.1555
6.9967,1.15575
6.9967,1.156
6.9883,1.15625
6.99,1.1565
6.985,1.15675
6.9867,1.157
6.9783,1.15725
6.98,1.1575
6.975,1.15775
6.9767,1.158
6.9733,1.15825
6.9733,1.1585
6.9683,1.15875
6.9683,1.159
6.9633,1.15925
6.9633,1.1595
6.9683,1.15975
6.9683,1.16
6.9733,1.16025
6.9717,1.1605
6.9767,1.16075
6.9767,1.161
6.985,1.16125
6.9817,1.1615
6.9867,1.16175
6.985,1.162
6.9883,1.16225
6.9867,1.1625
6.9917,1.16275
6.9917,1.163
6.9883,1.16325
6.9883,1.1635
6.985,1.16375
6.9883,1.164
6.9817,1.16425
6.9817,1.1645
6.98,1.16475
6.9783,1.165
6.9733,1.16525
6.975,1.1655
6.97,1.16575
6.97,1.166
6.965,1.16625
6.9633,1.1665
6.9667,1.16675
6.965,1.167
6.9667,1.16725
6.9667,1.1675
6.9633,1.16775
6.965,1.168
6.9617,1.16825
6.9617,1.1685
6.9583,1.16875
6.9583,1.169
6.9567,1.16925
6.9567,1.1695
6.9583,1.16975
6.9583,1.17
6.9617,1.17025
6.9617,1.1705
6.965,1.17075
6.9633,1.171
6.9617,1.17125
6.9617,1.1715
6.9567,1.17175
6.9567,1.172
6.9533,1.17225
6.9533,1.1725
6.9567,1.17275
6.9533,1.173
6.9567,1.17325
6.955,1.1735
6.9583,1.17375
6.96,1.174
6.9583,1.17425
6.96,1.1745
6.9617,1.17475
6.9617,1.175
6.9567,1.17525
6.96,1.1755
6.9567,1.17575
6.9567,1.176
6.955,1.17625
6.9567,1.1765
6.9583,1.17675
6.9583,1.177
6.9683,1.17725
6.9683,1.1775
6.9767,1.17775
6.9733,1.178
6.9767,1.17825
6.9783,1.1785
6.975,1.17875
6.975,1.179
6.9667,1.17925
6.965,1.1795
6.9583,1.17975
6.96,1.18
6.955,1.18025
6.955,1.1805
6.9533,1.18075
6.9517,1.181
6.9567,1.18125
6.9583,1.1815
6.9517,1.18175
6.9517,1.182
6.9333,1.18225
6.9317,1.1825
6.8917,1.18275
6.8917,1.183
6.88,1.18325
6.89,1.1835
6.98,1.18375
6.985,1.184
7.0217,1.18425
7.0217,1.1845
7.005,1.18475
7,1.185
7.0067,1.18525
7.0067,1.1855
7.015,1.18575
7.0133,1.186
7.0167,1.18625
7.0167,1.1865
7.0217,1.18675
7.0183,1.187
7.0167,1.18725
7.0183,1.1875
7.0233,1.18775
7.025,1.188
7.0283,1.18825
7.0283,1.1885
7.0317,1.18875
7.0317,1.189
7.025,1.18925
7.025,1.1895
7.0183,1.18975
7.0167,1.19
7.005,1.19025
7.005,1.1905
6.9933,1.19075
6.9917,1.191
6.9833,1.19125
6.9833,1.1915
6.9817,1.19175
6.9817,1.192
6.9917,1.19225
6.9917,1.1925
7.0017,1.19275
7.0017,1.193
7.005,1.19325
7.0033,1.1935
7.0067,1.19375
7.0067,1.194
7.0133,1.19425
7.0133,1.1945
7.025,1.19475
7.025,1.195
7.0367,1.19525
7.0383,1.1955
7.055,1.19575
7.0567,1.196
7.085,1.19625
7.085,1.1965
7.115,1.19675
7.1333,1.197
7.0717,1.19725
7.055,1.1975
7.2867,1.19775
7.0217,1.198
7.215,1.19825
7.3283,1.1985
6.8517,1.19875
6.8683,1.199
6.7817,1.19925
6.79,1.1995
6.8817,1.19975
6.8833,1.2
6.9267,1.20025
6.9267,1.2005
6.9317,1.20075
6.9317,1.201
6.945,1.20125
6.945,1.2015
6.9117,1.20175
6.9083,1.202
6.855,1.20225
6.8667,1.2025
6.9817,1.20275
6.985,1.203
7.0733,1.20325
7.075,1.2035
7.0917,1.20375
7.0917,1.204
7.0867,1.20425
7.0867,1.2045
7.0667,1.20475
7.0667,1.205
7.0417,1.20525
7.04,1.2055
6.9733,1.20575
6.9683,1.206
6.8983,1.20625
6.8983,1.2065
6.9717,1.20675
6.9767,1.207
7.0667,1.20725
7.07,1.2075
7.1283,1.20775
7.13,1.208
7.1167,1.20825
7.1167,1.2085
7.09,1.20875
7.0883,1.209
7.0683,1.20925
7.0683,1.2095
7.0717,1.20975
7.0717,1.21
7.0767,1.21025
7.0783,1.2105
7.075,1.21075
7.0767,1.211
7.0683,1.21125
7.0683,1.2115
7.05,1.21175
7.0483,1.212
7.035,1.21225
7.0333,1.2125
7.0267,1.21275
7.0267,1.213
7.0333,1.21325
7.0333,1.2135
7.0417,1.21375
7.0433,1.214
7.0483,1.21425
7.05,1.2145
7.0517,1.21475
7.0517,1.215
7.0467,1.21525
7.0483,1.2155
7.0517,1.21575
7.05,1.216
7.0567,1.21625
7.0567,1.2165
7.0683,1.21675
7.0667,1.217
7.0717,1.21725
7.0717,1.2175
7.065,1.21775
7.065,1.218
7.0583,1.21825
7.0583,1.2185
7.06,1.21875
7.06,1.219
7.0633,1.21925
7.0633,1.2195
7.0617,1.21975
7.0633,1.22
7.0617,1.22025
7.0617,1.2205
7.0633,1.22075
7.065,1.221
7.0617,1.22125
7.0633,1.2215
7.06,1.22175
7.0617,1.222
7.065,1.22225
7.065,1.2225
7.0683,1.22275
7.0683,1.223
7.065,1.22325
7.0633,1.2235
7.0583,1.22375
7.0583,1.224
7.0517,1.22425
7.0533,1.2245
7.05,1.22475
7.05,1.225
7.0483,1.22525
7.0467,1.2255
7.0483,1.22575
7.0483,1.226
7.045,1.22625
7.0483,1.2265
7.0517,1.22675
7.0517,1.227
7.055,1.22725
7.055,1.2275
7.0533,1.22775
7.0517,1.228
7.055,1.22825
7.055,1.2285
7.0517,1.22875
7.0533,1.229
7.05,1.22925
7.0517,1.2295
7.045,1.22975
7.045,1.23
7.035,1.23025
7.035,1.2305
7.03,1.23075
7.0283,1.231
7.03,1.23125
7.0283,1.2315
7.0317,1.23175
7.0317,1.232
7.03,1.23225
7.03,1.2325
7.0333,1.23275
7.035,1.233
7.0317,1.23325
7.0317,1.2335
7.0367,1.23375
7.0333,1.234
7.0383,1.23425
7.0383,1.2345
7.04,1.23475
7.0383,1.235
7.0333,1.23525
7.0317,1.2355
7.0433,1.23575
7.045,1.236
7.095,1.23625
7.0983,1.2365
7.1383,1.23675
7.0917,1.237
6.9283,1.23725
6.9333,1.2375
6.9667,1.23775
6.9683,1.238
6.995,1.23825
6.995,1.2385
7.02,1.23875
7.0217,1.239
7.055,1.23925
7.0567,1.2395
7.1133,1.23975
7.115,1.24
7.2017,1.24025
7.195,1.2405
7.2483,1.24075
7.2417,1.241
7.0167,1.24125
7.0217,1.2415
7.1617,1.24175
7.1433,1.242
7.175,1.24225
7.18,1.2425
7.2267,1.24275
7.2283,1.243
7.2,1.24325
7.1967,1.2435
7.1133,1.24375
7.11,1.244
7.02,1.24425
7.0167,1.2445
6.9467,1.24475
6.945,1.245
6.9083,1.24525
6.9067,1.2455
6.8883,1.24575
6.8867,1.246
6.8817,1.24625
6.88,1.2465
6.8767,1.24675
6.8767,1.247
6.87,1.24725
6.87,1.2475
6.8767,1.24775
6.8767,1.248
6.88,1.24825
6.8817,1.2485
6.8867,1.24875
6.8883,1.249
6.895,1.24925
6.895,1.2495
6.9067,1.24975
6.9067,1.25
